Timestamp,Temperature,Humidity,Soil,Water,Pump
2026-06-11 11:34:15.659161,28,60,2552,2417,OFF
2026-06-11 11:42:12.252841,29,83,1997,1764,ON
2026-06-11 11:42:17.274686,29,58,2541,66,OFF
2026-06-11 11:42:22.301536,25,45,3473,1479,OFF
2026-06-11 11:42:27.315007,33,47,1907,3262,ON
2026-06-11 11:42:32.324601,24,42,4066,3873,OFF
2026-06-11 11:42:37.335747,38,59,36,3488,ON
2026-06-11 11:42:42.341839,27,74,2430,2553,OFF
2026-06-11 11:42:47.348589,39,88,3671,597,OFF
2026-06-11 11:42:52.354458,28,71,431,2248,ON
2026-06-11 11:42:57.377052,27,54,2297,645,OFF
2026-06-11 11:43:02.384393,23,49,3890,3822,OFF
2026-06-11 11:43:07.388669,40,43,3101,116,OFF
2026-06-11 11:43:12.403423,29,71,1088,3151,ON
2026-06-11 11:43:17.409112,32,57,1125,2810,ON
2026-06-11 11:43:22.425198,23,71,894,3019,ON
2026-06-11 11:43:27.431594,23,72,3980,2349,OFF
2026-06-11 11:43:32.449554,34,68,179,4037,ON
2026-06-11 11:43:37.468771,40,70,4039,2166,OFF
2026-06-11 11:43:42.474006,39,59,705,833,ON
2026-06-11 11:43:47.481036,27,61,2410,471,OFF
2026-06-11 11:43:52.497313,30,85,3551,2579,OFF
2026-06-11 11:43:57.535963,38,51,116,2000,ON
2026-06-11 11:44:02.550852,37,71,1691,1070,ON
2026-06-11 11:44:07.556450,38,64,628,2634,ON
2026-06-11 11:44:12.563035,25,88,3153,492,OFF
2026-06-11 11:44:17.580631,30,90,4093,3149,OFF
2026-06-11 11:44:22.586521,37,60,686,1694,ON
2026-06-11 11:44:27.602550,29,54,3353,565,OFF
2026-06-11 11:44:32.618298,22,78,1847,2277,ON
2026-06-11 11:44:37.624574,32,44,4063,1223,OFF
2026-06-11 11:44:42.629627,31,83,2836,1644,OFF
2026-06-11 11:44:47.635822,31,75,3933,2361,OFF
2026-06-11 11:44:52.640835,27,83,3767,2254,OFF
2026-06-11 11:44:57.645437,27,80,746,3230,ON
2026-06-11 11:45:02.662084,22,44,3264,3083,OFF
2026-06-11 11:45:07.675349,26,46,1742,1872,ON
2026-06-11 11:45:12.691865,38,58,1569,1086,ON
2026-06-11 11:45:17.708140,24,57,2773,3546,OFF
2026-06-11 11:45:22.724240,27,59,2020,652,OFF
2026-06-11 11:45:27.740013,26,81,2930,4092,OFF
2026-06-11 11:45:32.748211,22,83,1723,1911,ON
2026-06-11 11:45:37.765057,29,64,4009,1378,OFF
2026-06-11 11:45:42.781562,29,56,1930,3049,ON
2026-06-11 11:45:47.798124,26,62,3062,1341,OFF
2026-06-11 11:45:52.814966,30,85,1630,4032,ON
2026-06-11 11:45:57.832204,28,47,1262,704,ON
2026-06-11 11:46:02.848773,28,89,1487,4052,ON
2026-06-11 11:46:07.855122,31,53,2362,3566,OFF
2026-06-11 11:46:12.870008,28,87,1229,1723,ON
2026-06-11 11:46:17.875085,29,74,3096,2350,OFF
2026-06-11 11:46:22.895001,33,69,3013,1760,OFF
2026-06-11 11:46:27.899770,22,77,528,1457,ON
2026-06-11 11:46:32.917750,29,78,3567,2454,OFF
2026-06-11 11:46:37.922241,40,57,754,833,ON
2026-06-11 11:46:42.941370,25,63,2869,3468,OFF
2026-06-11 11:46:47.950264,33,76,926,3170,ON
2026-06-11 11:46:52.960525,31,50,1153,3238,ON
2026-06-11 11:46:57.971101,36,78,2529,2237,OFF
2026-06-11 11:47:03.002630,33,42,1710,3084,ON
2026-06-11 11:47:08.012930,26,46,1332,2347,ON
2026-06-11 11:47:13.029572,37,82,3619,2102,OFF
2026-06-11 11:47:18.037127,31,72,707,2206,ON
2026-06-11 11:47:23.045688,33,55,767,3894,ON
2026-06-11 11:47:28.052937,36,63,2941,1066,OFF
2026-06-11 11:47:33.057734,34,81,364,3812,ON
2026-06-11 11:47:38.063852,25,60,2387,1355,OFF
2026-06-11 11:47:43.074931,34,74,1202,651,ON
2026-06-11 11:47:48.097933,23,75,2691,3744,OFF
2026-06-11 11:47:53.103500,26,61,1978,1374,ON
2026-06-11 11:47:58.134242,33,78,2805,3332,OFF
2026-06-11 11:48:03.187731,33,57,3148,3653,OFF
2026-06-11 11:48:08.209091,32,52,290,3905,ON
2026-06-11 11:48:13.227016,32,59,3787,1331,OFF
2026-06-11 11:48:18.231331,34,82,3749,2077,OFF
2026-06-11 11:48:23.235803,36,61,2468,3205,OFF
2026-06-11 11:48:28.240571,38,74,560,177,ON
2026-06-11 11:48:33.247873,27,85,1736,3687,ON
2026-06-11 11:48:38.263204,37,84,2257,2040,OFF
2026-06-11 11:48:43.282498,26,52,2057,2567,OFF
2026-06-11 11:48:48.298859,27,88,3717,2076,OFF
2026-06-11 11:48:53.315425,31,52,401,2327,ON
2026-06-11 11:48:58.331670,31,67,2472,2738,OFF
2026-06-11 11:49:03.348959,32,60,511,2375,ON
2026-06-11 11:49:08.365947,25,87,241,3433,ON
2026-06-11 11:49:13.382254,39,70,3715,2765,OFF
2026-06-11 11:49:18.398836,35,64,2951,922,OFF
2026-06-11 11:49:23.414746,26,70,1303,1447,ON
2026-06-11 11:49:28.433085,34,49,24,3911,ON
2026-06-11 11:49:33.448693,40,78,4038,1634,OFF
2026-06-11 11:49:38.464282,30,89,30,1483,ON
2026-06-11 11:49:43.472156,27,72,852,3741,ON
2026-06-11 11:49:48.478234,36,48,3687,385,OFF
2026-06-11 11:49:53.490789,36,53,3942,1406,OFF
2026-06-11 11:49:58.498819,40,69,1760,2495,ON
2026-06-11 11:50:03.507090,36,78,960,94,ON
2026-06-11 11:50:08.513801,33,73,446,590,ON
2026-06-11 11:50:13.530507,25,58,199,600,ON
2026-06-11 11:50:18.546558,23,76,255,1641,ON
2026-06-11 11:50:23.558061,36,63,1622,3551,ON
2026-06-11 11:50:28.564971,28,46,941,2890,ON
2026-06-11 11:50:33.579513,23,70,2825,1699,OFF
2026-06-11 11:50:38.590717,33,85,1518,833,ON
2026-06-11 11:50:43.607081,34,54,4071,1628,OFF
2026-06-11 11:50:48.651505,26,82,1339,2550,ON
2026-06-11 11:50:53.758174,30,80,1291,3117,ON
2026-06-11 11:50:58.763050,36,57,778,759,ON
2026-06-11 11:51:03.769607,31,52,3128,957,OFF
2026-06-11 11:51:08.774822,29,74,3726,2781,OFF
2026-06-11 11:51:13.793911,36,56,3451,2444,OFF
2026-06-11 11:51:18.811372,29,57,1310,3133,ON
2026-06-11 11:51:23.817172,27,81,2119,2887,OFF
2026-06-11 11:51:28.823278,34,51,400,3726,ON
2026-06-11 11:51:33.831781,39,41,2109,2187,OFF
2026-06-11 11:51:38.836905,30,87,1646,2054,ON
2026-06-11 11:51:43.841510,22,75,241,2228,ON
2026-06-11 11:51:48.846741,39,63,3773,206,OFF
2026-06-11 11:51:53.855255,24,68,3854,2510,OFF
2026-06-11 11:51:58.872244,25,83,1940,3659,ON
2026-06-11 11:52:03.890267,22,45,746,1324,ON
2026-06-11 11:52:08.894983,38,65,521,4009,ON
2026-06-11 11:52:13.903693,34,79,293,3134,ON
2026-06-11 11:52:18.912779,22,87,1109,2192,ON
2026-06-11 11:52:23.931116,36,84,2366,3811,OFF
2026-06-11 11:52:28.950066,31,40,600,2311,ON
2026-06-11 11:52:33.955927,36,83,1481,2601,ON
2026-06-11 11:52:38.966260,32,62,3971,724,OFF
2026-06-11 11:52:43.975774,27,88,824,3766,ON
2026-06-11 11:52:48.993542,25,47,2063,3632,OFF
2026-06-11 11:52:54.000694,30,60,3585,1079,OFF
2026-06-11 11:52:59.018640,34,75,3171,1121,OFF
2026-06-11 11:53:04.028058,23,74,3121,3922,OFF
2026-06-11 11:53:09.036339,26,80,1067,3623,ON
2026-06-11 11:53:14.046860,34,53,93,2388,ON
2026-06-11 11:53:19.063388,28,66,1401,2156,ON
2026-06-11 11:53:24.087653,37,86,215,1310,ON
2026-06-11 11:53:29.107792,26,60,1250,3431,ON
2026-06-11 11:53:34.122456,33,62,1518,2916,ON
2026-06-11 11:53:39.139759,40,54,2025,2773,OFF
2026-06-11 11:53:44.147874,25,41,180,3467,ON
2026-06-11 11:53:49.156959,27,70,2526,232,OFF
2026-06-11 11:53:54.164038,39,88,1373,1552,ON
2026-06-11 11:53:59.186355,38,85,2971,1604,OFF
2026-06-11 11:54:04.191923,38,83,3536,1007,OFF
2026-06-11 11:54:09.212223,39,62,3439,2447,OFF
2026-06-11 11:54:14.238380,37,88,115,856,ON
2026-06-11 11:54:19.256339,31,73,1064,1029,ON
2026-06-11 11:54:24.262753,32,58,509,308,ON
2026-06-11 11:54:29.332358,30,54,2760,3993,OFF
2026-06-11 11:54:34.351398,33,48,2603,3390,OFF
2026-06-11 11:54:39.360191,35,61,1717,1703,ON
2026-06-11 11:54:44.390188,38,76,1212,1898,ON
2026-06-11 11:54:49.412539,39,50,1406,1374,ON
2026-06-11 11:54:54.421092,40,78,1501,1980,ON
2026-06-11 11:54:59.443290,24,85,8,1795,ON
2026-06-11 11:55:04.458273,26,83,1926,2393,ON
2026-06-11 11:55:09.476924,35,83,2737,1070,OFF
2026-06-11 11:55:14.489438,37,75,2343,3747,OFF
2026-06-11 11:55:19.510768,36,73,3603,1673,OFF
2026-06-11 11:55:24.524739,30,78,1421,2567,ON
2026-06-11 11:55:29.536775,28,62,3944,371,OFF
2026-06-11 11:55:34.544260,25,45,4046,20,OFF
2026-06-11 11:55:39.558634,24,75,3956,152,OFF
2026-06-11 11:55:44.568706,24,59,628,3105,ON
2026-06-11 11:55:49.579412,22,65,77,2537,ON
2026-06-11 11:55:54.596259,23,83,1606,2135,ON
2026-06-11 11:55:59.612873,40,41,1207,2716,ON
2026-06-11 11:56:04.624645,32,87,690,869,ON
2026-06-11 11:56:09.637978,24,52,1180,1224,ON
2026-06-11 11:56:14.645524,35,57,3896,1864,OFF
2026-06-11 11:56:19.665095,40,49,2857,237,OFF
2026-06-11 11:56:24.685675,31,77,871,3545,ON
2026-06-11 11:56:29.695579,36,46,1438,2232,ON
2026-06-11 11:56:34.713451,37,62,3058,1819,OFF
2026-06-11 11:56:39.730863,33,61,2815,3837,OFF
2026-06-11 11:56:44.737844,31,44,2297,2073,OFF
2026-06-11 11:56:49.744694,24,57,3342,250,OFF
2026-06-11 11:56:54.756540,35,42,3144,3614,OFF
2026-06-11 11:56:59.762561,37,75,1188,2404,ON
2026-06-11 11:57:04.779573,40,80,2422,2415,OFF
2026-06-11 11:57:09.795563,34,72,2201,919,OFF
2026-06-11 11:57:14.811469,36,83,3146,1725,OFF
2026-06-11 11:57:19.820888,28,87,2926,659,OFF
2026-06-11 11:57:24.852287,37,65,425,2096,ON
2026-06-11 11:57:29.868171,37,65,1074,2902,ON
2026-06-11 11:57:34.891642,40,85,1689,1931,ON
2026-06-11 11:57:39.898534,27,89,3917,3101,OFF
2026-06-11 11:57:44.928025,24,62,2060,1154,OFF
2026-06-11 11:57:49.949926,38,43,4041,2250,OFF
2026-06-11 11:57:55.028995,34,46,3603,3110,OFF
2026-06-11 11:58:00.039194,23,89,491,24,ON
2026-06-11 11:58:05.074571,24,57,3647,1449,OFF
2026-06-11 11:58:10.156801,35,57,4057,3810,OFF
2026-06-11 11:58:15.163091,28,66,2630,1406,OFF
2026-06-11 11:58:20.168123,26,80,3285,1342,OFF
2026-06-11 11:58:25.186210,30,41,4041,1743,OFF
2026-06-11 11:58:30.196250,32,90,3272,2845,OFF
2026-06-11 11:58:35.204257,31,59,3344,3498,OFF
2026-06-11 11:58:40.213724,25,74,112,2653,ON
2026-06-11 11:58:45.220119,36,47,468,29,ON
2026-06-11 11:58:50.236344,24,42,2640,980,OFF
2026-06-11 11:58:55.254495,23,71,2796,2469,OFF
2026-06-11 11:59:00.265777,26,76,1183,2735,ON
2026-06-11 11:59:05.281447,26,74,3755,3047,OFF
2026-06-11 11:59:10.289594,23,71,2462,3631,OFF
2026-06-11 11:59:15.306245,29,84,1228,2378,ON
2026-06-11 11:59:20.325594,40,66,2144,3347,OFF
2026-06-11 11:59:25.343904,34,76,2598,2137,OFF
2026-06-11 11:59:30.370515,27,86,3526,2557,OFF
2026-06-11 11:59:35.391750,36,67,298,3262,ON
2026-06-11 11:59:40.411828,32,84,511,1174,ON
2026-06-11 11:59:45.442114,32,68,1514,968,ON
2026-06-11 11:59:50.460199,23,71,1672,2310,ON
2026-06-11 11:59:55.472317,37,75,1305,2481,ON
2026-06-11 12:00:00.489399,26,60,1035,3617,ON
2026-06-11 12:00:05.496728,40,46,3916,2132,OFF
2026-06-11 12:00:10.519091,32,43,930,4089,ON
2026-06-11 12:00:15.540429,39,78,2608,1287,OFF
2026-06-11 12:00:20.549786,22,80,2426,1368,OFF
2026-06-11 12:00:25.558613,35,84,2736,3348,OFF
2026-06-11 12:00:30.566680,39,62,1036,2712,ON
2026-06-11 12:00:35.586606,38,44,3921,2699,OFF
2026-06-11 12:00:40.604223,33,47,3336,1676,OFF
2026-06-11 12:00:45.617649,30,46,3745,3869,OFF
2026-06-11 12:00:50.626120,34,77,242,4053,ON
2026-06-11 12:00:55.646583,39,45,3729,2054,OFF
2026-06-11 12:01:00.673708,24,88,1557,3276,ON
2026-06-11 12:01:05.694548,35,69,1054,672,ON
2026-06-11 12:01:10.704177,30,65,2374,836,OFF
2026-06-11 12:01:15.726805,26,57,2226,4050,OFF
2026-06-11 12:01:20.747181,23,77,246,558,ON
2026-06-11 12:01:25.761645,39,43,3907,2809,OFF
2026-06-11 12:01:30.785793,31,76,2816,1456,OFF
2026-06-11 12:01:35.817660,31,75,554,3861,ON
2026-06-11 12:01:40.841354,22,79,2537,3102,OFF
2026-06-11 12:01:45.876750,29,63,1051,151,ON
2026-06-11 12:01:50.897465,23,89,812,1685,ON
2026-06-11 12:01:55.927420,34,53,1218,1106,ON
2026-06-11 12:02:00.968804,38,74,1786,1213,ON
2026-06-11 12:02:05.976876,28,75,2602,3049,OFF
2026-06-11 12:02:11.000190,36,47,3285,1008,OFF
2026-06-11 12:02:16.015997,31,43,1202,220,ON
2026-06-11 12:02:21.032251,34,57,1818,3091,ON
2026-06-11 12:02:26.046282,39,88,2547,2749,OFF
2026-06-11 12:02:31.054584,31,74,1087,2034,ON
2026-06-11 12:02:36.087236,34,83,531,1805,ON
2026-06-11 12:02:41.095852,35,41,3980,2402,OFF
2026-06-11 12:02:46.113944,29,56,3315,2372,OFF
2026-06-11 12:02:51.123369,29,73,3204,771,OFF
2026-06-11 12:02:56.131960,33,53,580,3065,ON
2026-06-11 12:03:01.146611,30,70,1950,2449,ON
2026-06-11 12:03:06.160440,30,69,665,142,ON
2026-06-11 12:03:11.179984,38,45,3099,3618,OFF
2026-06-11 12:03:16.191664,34,50,2646,85,OFF
2026-06-11 12:03:21.221160,23,57,3243,1602,OFF
2026-06-11 12:03:26.243215,22,89,2885,1063,OFF
2026-06-11 12:03:31.265151,40,78,3148,2170,OFF
2026-06-11 12:03:36.295360,35,54,2589,3206,OFF
2026-06-11 12:03:41.317659,35,75,1447,3615,ON
2026-06-11 12:03:46.336760,28,74,1262,159,ON
2026-06-11 12:03:51.368797,27,83,1368,4018,ON
2026-06-11 12:03:56.388769,33,88,1557,2794,ON
2026-06-11 12:04:01.414341,33,57,2908,655,OFF
2026-06-11 12:04:06.466604,37,42,2428,2519,OFF
2026-06-11 12:04:11.489592,39,60,873,1573,ON
2026-06-11 12:04:16.497644,27,74,2072,1483,OFF
2026-06-11 12:04:21.504290,28,87,1170,718,ON
2026-06-11 12:04:26.535003,22,48,2631,2641,OFF
2026-06-11 12:04:31.551353,27,55,129,1967,ON
2026-06-11 12:04:36.573239,24,67,2596,2844,OFF
2026-06-11 12:04:41.597890,37,50,1188,1747,ON
2026-06-11 12:04:46.615282,39,45,773,3328,ON
2026-06-11 12:04:51.637760,37,56,3646,3819,OFF
2026-06-11 12:04:56.658278,33,49,3771,2767,OFF
2026-06-11 12:05:01.676369,30,60,2398,2866,OFF
2026-06-11 12:05:06.685843,34,63,3470,1520,OFF
2026-06-11 12:05:11.704661,29,53,3907,1314,OFF
2026-06-11 12:05:16.722917,22,76,3236,3072,OFF
2026-06-11 12:05:21.729854,22,74,2355,859,OFF
2026-06-11 12:05:26.745735,33,44,1966,182,ON
2026-06-11 12:05:31.753221,31,68,397,2036,ON
2026-06-11 12:05:36.777977,32,48,2972,3815,OFF
2026-06-11 12:05:41.811873,37,64,2943,1818,OFF
2026-06-11 12:05:46.830624,28,81,563,1254,ON
2026-06-11 12:05:51.848414,35,42,884,1893,ON
2026-06-11 12:05:56.853703,34,77,3569,2525,OFF
2026-06-11 12:06:01.868352,29,60,601,3300,ON
2026-06-11 12:06:06.883550,23,81,860,247,ON
2026-06-11 12:06:11.927261,39,81,1973,3265,ON
2026-06-11 12:06:16.949960,29,81,1424,3440,ON
2026-06-11 12:06:21.970462,32,89,1712,2399,ON
2026-06-11 12:06:26.997709,40,85,720,2249,ON
2026-06-11 12:06:32.035987,31,63,2401,1740,OFF
2026-06-11 12:06:37.041140,30,62,3110,1615,OFF
2026-06-11 12:06:42.054729,26,75,219,1787,ON
2026-06-11 12:06:47.071382,30,85,3912,3824,OFF
2026-06-11 12:06:52.083394,30,68,592,2505,ON
2026-06-11 12:06:57.101666,23,63,3820,1726,OFF
2026-06-11 12:07:02.120712,36,85,1343,3164,ON
2026-06-11 12:07:07.130013,23,43,238,3738,ON
2026-06-11 12:07:12.142359,27,49,1382,1138,ON
2026-06-11 12:07:17.163294,39,90,922,653,ON
2026-06-11 12:07:22.183123,28,71,1690,1500,ON
2026-06-11 12:07:27.200146,35,41,3342,2564,OFF
2026-06-11 12:07:32.205788,32,72,2679,614,OFF
2026-06-11 12:07:37.224687,23,83,3475,2893,OFF
2026-06-11 12:07:42.242145,29,61,2214,4023,OFF
2026-06-11 12:07:47.283880,24,64,1963,3116,ON
2026-06-11 12:07:52.348340,27,85,2017,2648,OFF
2026-06-11 12:07:57.389658,36,73,3407,72,OFF
2026-06-11 12:08:02.496539,36,59,2404,2054,OFF
2026-06-11 12:08:07.502763,29,56,4090,1713,OFF
2026-06-11 12:08:12.509292,30,90,4095,522,OFF
2026-06-11 12:08:17.514458,24,83,2495,826,OFF
2026-06-11 12:08:22.526862,32,87,2288,462,OFF
2026-06-11 12:08:27.532854,31,41,46,1059,ON
2026-06-11 12:08:32.538594,30,77,1352,2304,ON
2026-06-11 12:08:37.559514,36,77,2599,3288,OFF
2026-06-11 12:08:42.565040,34,54,1243,17,ON
2026-06-11 12:08:47.590475,32,56,879,3330,ON
2026-06-11 12:08:52.604762,37,60,3472,899,OFF
2026-06-11 12:08:57.615537,34,62,1807,1238,ON
2026-06-11 12:09:02.647007,30,55,1135,3132,ON
2026-06-11 12:09:07.667788,36,76,81,58,ON
2026-06-11 12:09:12.688447,30,40,728,3555,ON
2026-06-11 12:09:17.722606,29,56,1225,1134,ON
2026-06-11 12:09:22.730613,33,47,3597,1135,OFF
2026-06-11 12:09:27.737538,24,60,1783,2787,ON
2026-06-11 12:09:32.756322,29,56,1759,2451,ON
2026-06-11 12:09:37.779530,32,75,2613,2556,OFF
2026-06-11 12:09:42.789457,27,82,1533,641,ON
2026-06-11 12:09:47.795910,29,87,1588,2530,ON
2026-06-11 12:09:52.802962,28,74,777,2178,ON
2026-06-11 12:09:57.808617,40,62,1382,1782,ON
2026-06-11 12:10:02.818411,30,46,2664,2558,OFF
2026-06-11 12:10:07.824410,29,88,2937,1244,OFF
2026-06-11 12:10:12.834421,32,64,1783,2317,ON
2026-06-11 12:10:17.859861,37,46,3949,1452,OFF
2026-06-11 12:10:22.884659,27,89,3091,3941,OFF
2026-06-11 12:10:27.907129,27,40,405,3165,ON
2026-06-11 12:10:32.917931,33,69,887,3784,ON
2026-06-11 12:10:37.927138,40,69,3916,1374,OFF
2026-06-11 12:10:42.940925,38,88,1435,151,ON
2026-06-11 12:10:47.960206,34,74,347,2741,ON
2026-06-11 12:10:52.966974,38,43,4027,3898,OFF
2026-06-11 12:10:57.972328,27,49,1090,1229,ON
2026-06-11 12:11:02.978499,23,64,271,718,ON
2026-06-11 12:11:07.985100,33,71,3959,3553,OFF
2026-06-11 12:11:12.999942,33,58,1546,195,ON
2026-06-11 12:11:18.022842,32,46,2439,3894,OFF
2026-06-11 12:11:23.041642,22,55,2229,1586,OFF
2026-06-11 12:11:28.048148,39,84,1835,246,ON
2026-06-11 12:11:33.053520,28,53,2534,509,OFF
2026-06-11 12:11:38.062621,35,75,168,817,ON
2026-06-11 12:11:43.083118,39,63,597,2021,ON
2026-06-11 12:11:48.099075,30,67,1144,1929,ON
2026-06-11 12:11:53.116946,23,60,381,3007,ON
2026-06-11 12:11:58.140016,22,81,753,1147,ON
2026-06-11 12:12:03.158081,25,88,1724,984,ON
2026-06-11 12:12:08.177112,25,87,3950,229,OFF
2026-06-11 12:12:13.183355,32,46,2802,1517,OFF
2026-06-11 12:12:18.193783,26,63,129,3764,ON
2026-06-11 12:12:23.201910,39,57,2565,3193,OFF
2026-06-11 12:12:28.225657,27,62,3562,3294,OFF
2026-06-11 12:12:33.241210,37,56,1712,1274,ON
2026-06-11 12:12:38.272098,30,41,815,2236,ON
2026-06-11 12:12:43.283674,35,68,10,932,ON
2026-06-11 12:12:48.292437,38,61,1570,1937,ON
2026-06-11 12:12:53.305646,31,71,217,2899,ON
2026-06-11 12:12:58.323645,39,46,872,1011,ON
2026-06-11 12:13:03.347194,22,66,1202,2060,ON
2026-06-11 12:13:08.368032,25,89,3404,1471,OFF
2026-06-11 12:13:13.374381,25,57,3971,2353,OFF
2026-06-11 12:13:18.390138,38,84,2642,817,OFF
2026-06-11 12:13:23.413831,38,84,2096,1048,OFF
2026-06-11 12:13:28.429101,30,51,3833,2059,OFF
2026-06-11 12:13:33.448473,27,54,4017,1440,OFF
2026-06-11 12:13:38.468316,35,61,2472,2745,OFF
2026-06-11 12:13:43.492158,36,79,200,4015,ON
2026-06-11 12:13:48.515778,27,53,2311,1687,OFF
2026-06-11 12:13:53.531017,37,59,288,2118,ON
2026-06-11 12:13:58.541243,32,55,574,529,ON
2026-06-11 12:14:03.561782,27,71,1531,2433,ON
2026-06-11 12:14:08.583596,34,70,2215,713,OFF
2026-06-11 12:14:13.591606,37,78,2258,3432,OFF
2026-06-11 12:14:18.627866,28,40,2404,599,OFF
2026-06-11 12:14:23.633946,31,64,1790,3921,ON
2026-06-11 12:14:28.651000,34,72,2469,447,OFF
2026-06-11 12:14:33.658494,36,68,874,27,ON
2026-06-11 12:14:38.675211,31,67,2252,49,OFF
2026-06-11 12:14:43.685160,40,85,477,1196,ON
2026-06-11 12:14:48.705137,39,60,1520,557,ON
2026-06-11 12:14:53.725593,40,71,3874,2547,OFF
2026-06-11 12:14:58.736969,34,71,422,904,ON
2026-06-11 12:15:03.755457,26,44,4092,493,OFF
2026-06-11 12:15:08.770506,36,63,40,2715,ON
2026-06-11 12:15:13.780363,30,43,3809,2587,OFF
2026-06-11 12:15:18.800602,25,80,467,151,ON
2026-06-11 12:15:23.817394,33,54,3408,642,OFF
2026-06-11 12:15:28.840101,35,57,548,1612,ON
2026-06-11 12:15:33.866619,33,44,2182,3411,OFF
2026-06-11 12:15:38.885552,25,47,1051,754,ON
2026-06-11 12:15:43.907254,33,44,319,126,ON
2026-06-11 12:15:48.925939,33,41,18,1710,ON
2026-06-11 12:15:53.939324,38,44,3479,445,OFF
2026-06-11 12:15:58.950313,31,85,3443,3303,OFF
2026-06-11 12:16:03.974270,22,86,1896,1917,ON
2026-06-11 12:16:08.985321,22,59,1504,2928,ON
2026-06-11 12:16:14.008356,34,43,2973,1140,OFF
2026-06-11 12:16:19.035703,29,84,4066,3130,OFF
2026-06-11 12:16:24.058431,26,58,2953,726,OFF
2026-06-11 12:16:29.077461,38,63,3715,3453,OFF
2026-06-11 12:16:34.096222,39,80,897,3809,ON
2026-06-11 12:16:39.111495,31,80,3227,4066,OFF
2026-06-11 12:16:44.123624,28,61,3843,3617,OFF
2026-06-11 12:16:49.149001,25,70,1780,2027,ON
2026-06-11 12:16:54.171508,25,46,742,3238,ON
2026-06-11 12:16:59.190064,33,72,1133,1135,ON
2026-06-11 12:17:04.214657,36,90,3465,2663,OFF
2026-06-11 12:17:09.223340,29,57,2064,876,OFF
2026-06-11 12:17:14.234449,39,67,2736,1696,OFF
2026-06-11 12:17:19.261445,40,48,2570,1510,OFF
2026-06-11 12:17:24.289041,38,85,1825,4021,ON
2026-06-11 12:17:29.313624,26,90,1400,821,ON
2026-06-11 12:17:34.322499,24,87,1158,496,ON
2026-06-11 12:17:39.347738,40,70,1565,2641,ON
2026-06-11 12:17:44.365364,25,43,3353,3872,OFF
2026-06-11 12:17:49.402246,30,60,1431,561,ON
2026-06-11 12:17:54.430085,22,43,3920,3420,OFF
2026-06-11 12:17:59.441347,37,90,3881,2836,OFF
2026-06-11 12:18:04.466020,40,62,3126,3798,OFF
2026-06-11 12:18:09.486618,32,42,2833,2989,OFF
2026-06-11 12:18:14.497925,39,65,2802,1399,OFF
2026-06-11 12:18:19.506178,33,41,3560,3551,OFF
2026-06-11 12:18:24.519678,25,71,4074,709,OFF
2026-06-11 12:18:29.541981,23,54,2685,1956,OFF
2026-06-11 12:18:34.549523,40,64,258,2715,ON
2026-06-11 12:18:39.556145,37,51,3203,1579,OFF
2026-06-11 12:18:44.563044,40,58,2044,187,OFF
2026-06-11 12:18:49.571312,37,41,2423,1956,OFF
2026-06-11 12:18:54.593404,31,68,2079,3608,OFF
2026-06-11 12:18:59.629319,27,66,765,2841,ON
2026-06-11 12:19:04.651687,33,51,2865,714,OFF
2026-06-11 12:19:09.674541,38,42,2602,2801,OFF
2026-06-11 12:19:14.687385,32,65,2686,3845,OFF
2026-06-11 12:19:19.724572,24,73,1392,3343,ON
2026-06-11 12:19:24.760708,22,64,42,1069,ON
2026-06-11 12:19:29.781368,35,52,86,1781,ON
2026-06-11 12:19:34.811734,27,56,1252,672,ON
2026-06-11 12:19:39.847144,34,72,1962,1836,ON
2026-06-11 12:19:44.884416,25,51,2606,1659,OFF
2026-06-11 12:19:49.904493,37,58,3080,464,OFF
2026-06-11 12:19:54.923300,24,51,1585,2673,ON
2026-06-11 12:19:59.946024,39,70,1723,634,ON
2026-06-11 12:20:04.979927,39,54,2795,2633,OFF
2026-06-11 12:20:10.004815,37,84,4017,3463,OFF
2026-06-11 12:20:15.015751,22,54,1078,720,ON
2026-06-11 12:20:20.045786,23,47,3205,1085,OFF
2026-06-11 12:20:25.054762,24,41,3109,3665,OFF
2026-06-11 12:20:30.078482,35,51,2527,383,OFF
2026-06-11 12:20:35.087131,26,47,4029,2422,OFF
2026-06-11 12:20:40.099200,30,64,117,1895,ON
2026-06-11 12:20:45.123701,33,46,2116,1369,OFF
2026-06-11 12:20:50.144412,34,52,3595,1599,OFF
2026-06-11 12:20:55.172426,35,81,90,3052,ON
2026-06-11 12:21:00.184478,23,58,1808,1621,ON
2026-06-11 12:21:05.206947,23,48,2953,2381,OFF
2026-06-11 12:21:10.219021,34,79,2588,3188,OFF
2026-06-11 12:21:15.226888,31,69,3032,3897,OFF
2026-06-11 12:21:20.251054,40,54,2494,1912,OFF
2026-06-11 12:21:25.273674,33,84,531,237,ON
2026-06-11 12:21:30.310496,37,74,4053,3223,OFF
2026-06-11 12:21:35.319990,36,49,3849,3314,OFF
2026-06-11 12:21:40.344849,31,64,2603,1821,OFF
2026-06-11 12:21:45.384529,37,66,1252,1765,ON
2026-06-11 12:21:50.421997,24,61,1220,1792,ON
2026-06-11 12:21:55.438273,31,79,426,1693,ON
2026-06-11 12:22:00.472286,24,70,703,996,ON
2026-06-11 12:22:05.496612,27,62,117,2199,ON
2026-06-11 12:22:10.529904,25,70,3616,2217,OFF
2026-06-11 12:22:15.555210,31,65,3028,1374,OFF
2026-06-11 12:22:20.579057,37,40,3314,59,OFF
2026-06-11 12:22:25.603314,28,40,3635,1886,OFF
2026-06-11 12:22:30.639692,26,65,1594,3013,ON
2026-06-11 12:22:35.668847,35,74,598,3756,ON
2026-06-11 12:22:40.691851,25,41,3620,1296,OFF
2026-06-11 12:22:45.718097,24,90,1061,3402,ON
2026-06-11 12:22:50.741430,39,88,323,158,ON
2026-06-11 12:22:55.763809,36,66,227,1177,ON
2026-06-11 12:23:00.789909,32,58,562,3819,ON
2026-06-11 12:23:05.814754,37,56,1751,407,ON
2026-06-11 12:23:10.840608,30,43,2959,2725,OFF
2026-06-11 12:23:15.863738,24,56,2555,440,OFF
2026-06-11 12:23:20.875083,24,87,3004,3462,OFF
2026-06-11 12:23:25.898877,34,80,3811,2965,OFF
2026-06-11 12:23:30.908769,25,77,1866,3492,ON
2026-06-11 12:23:35.917863,26,49,1251,3396,ON
2026-06-11 12:23:40.927016,27,74,503,3876,ON
2026-06-11 12:23:45.937511,33,54,1841,1108,ON
2026-06-11 12:23:50.947289,37,85,1338,2879,ON
2026-06-11 12:23:55.955670,31,59,838,570,ON
2026-06-11 12:24:00.961959,26,69,3817,3169,OFF
2026-06-11 12:24:05.968907,36,78,1950,2454,ON
2026-06-11 12:24:10.975897,30,45,984,3765,ON
2026-06-11 12:24:15.982238,23,53,1306,3048,ON
2026-06-11 12:24:21.001867,34,52,1805,2677,ON
2026-06-11 12:24:26.010180,40,78,1434,616,ON
2026-06-11 12:24:31.019022,33,60,1861,1984,ON
2026-06-11 12:24:36.044232,25,55,752,1864,ON
2026-06-11 15:26:05.804112,23,75,1712,2394,ON
2026-06-11 15:26:10.827893,26,47,179,3008,ON
2026-06-11 20:03:49.690071,27,73,207,3561,ON
2026-06-11 20:03:55.424095,37,86,222,2672,ON
2026-06-11 20:04:00.445476,39,80,3595,1542,OFF
2026-06-11 20:04:05.466862,37,87,3416,1719,OFF
2026-06-11 20:04:10.490326,27,84,2284,2709,OFF
2026-06-11 20:04:15.510365,24,53,3163,135,OFF
2026-06-11 20:04:20.521882,29,65,1428,3141,ON
2026-06-11 20:04:25.543641,26,48,915,2745,ON
2026-06-11 20:04:30.554157,22,44,3090,3493,OFF
2026-06-11 20:04:35.563802,30,46,3356,682,OFF
2026-06-11 20:04:40.612807,31,73,83,3207,ON
2026-06-11 20:04:45.631503,25,78,2968,1973,OFF
2026-06-11 20:04:50.836160,38,83,1588,649,ON
2026-06-11 20:04:56.250809,27,87,538,2457,ON
2026-06-11 20:05:01.271290,29,77,4037,3766,OFF
2026-06-11 20:05:06.291030,25,47,541,2938,ON
2026-06-11 20:05:11.360070,24,88,1847,1457,ON
2026-06-11 20:05:16.538059,39,73,2461,3561,OFF
2026-06-11 20:05:21.576349,39,58,3975,2147,OFF
2026-06-11 20:05:26.599911,25,84,4023,964,OFF
2026-06-11 20:05:31.611290,29,81,922,909,ON
2026-06-11 20:05:36.630931,26,54,738,3768,ON
2026-06-11 20:05:41.659258,27,83,343,2220,ON
2026-06-11 20:05:46.685278,37,77,2546,2378,OFF
2026-06-11 20:05:51.708509,26,46,2198,1861,OFF
2026-06-11 20:05:56.729650,39,82,394,50,ON
2026-06-11 20:06:01.758391,29,42,1480,3291,ON
2026-06-11 20:06:06.779363,40,50,1069,2700,ON
2026-06-11 20:06:11.794488,22,65,1212,2874,ON
2026-06-11 20:06:16.808285,24,83,1438,2557,ON
2026-06-11 20:06:21.833959,36,54,3965,2509,OFF
2026-06-11 20:06:26.854982,35,85,1148,1636,ON
2026-06-11 20:06:31.875775,38,75,1643,470,ON
2026-06-11 20:06:36.910751,24,88,195,271,ON
2026-06-11 20:06:41.934613,39,42,1219,1308,ON
2026-06-11 20:06:46.964811,38,89,2915,3745,OFF
2026-06-11 20:06:51.997608,35,48,2813,2078,OFF
2026-06-11 20:06:57.065078,26,62,3105,790,OFF
2026-06-11 20:07:02.089527,33,67,1470,2606,ON
2026-06-11 20:07:07.165361,38,80,1723,25,ON
2026-06-11 20:07:12.233657,36,48,2914,1140,OFF
2026-06-11 20:07:17.252628,26,84,1988,1297,ON
2026-06-11 20:07:22.266017,26,68,2478,1170,OFF
2026-06-11 20:07:27.332746,28,44,1578,2401,ON
2026-06-11 20:07:32.351169,34,58,2036,3093,OFF
2026-06-11 20:07:37.362597,33,43,1973,2260,ON
2026-06-11 20:07:42.381094,22,72,3019,2854,OFF
2026-06-11 20:07:47.393531,27,41,2330,3286,OFF
2026-06-11 20:07:52.427414,40,66,2313,3214,OFF
2026-06-11 20:07:57.460988,38,40,2751,3751,OFF
2026-06-11 20:08:02.505054,32,61,3460,3360,OFF
2026-06-11 20:08:07.573291,40,85,2897,945,OFF
2026-06-11 20:08:12.638459,27,65,1760,1760,ON
2026-06-11 20:08:17.663837,30,61,291,3543,ON
2026-06-11 20:08:22.733629,33,88,744,3773,ON
2026-06-11 20:08:27.760430,28,46,1607,1207,ON
2026-06-11 20:08:32.804606,37,62,3786,3533,OFF
2026-06-11 20:08:37.825672,39,84,375,11,ON
2026-06-11 20:08:42.842602,38,81,4025,3367,OFF
2026-06-11 20:08:47.862849,29,70,3983,1892,OFF
2026-06-11 20:08:52.893923,26,63,1477,786,ON
2026-06-11 20:08:57.916786,35,65,592,2261,ON
2026-06-11 20:09:03.019780,32,90,3891,3934,OFF
2026-06-11 20:09:08.368143,37,43,3604,2861,OFF
2026-06-11 20:09:13.385396,24,48,1211,2770,ON
2026-06-11 20:09:18.411681,23,87,2762,1964,OFF
2026-06-11 20:09:23.442267,28,57,3764,185,OFF
2026-06-11 20:09:28.467914,28,75,2810,2210,OFF
2026-06-11 20:09:33.536277,29,54,860,2186,ON
2026-06-11 20:09:38.592998,23,51,2681,440,OFF
2026-06-11 20:09:43.683354,34,51,2583,2804,OFF
2026-06-11 20:09:48.717512,24,42,3259,3748,OFF
2026-06-11 20:09:53.730072,36,61,3520,880,OFF
2026-06-11 20:09:58.749726,31,83,3126,120,OFF
2026-06-11 20:10:03.761285,39,80,79,1110,ON
2026-06-11 20:10:08.802586,38,86,800,3902,ON
2026-06-11 20:10:13.817869,37,41,795,2235,ON
2026-06-11 20:10:18.860667,39,41,2360,1769,OFF
2026-06-11 20:10:23.886860,35,47,1060,2968,ON
2026-06-11 20:10:28.903738,26,63,3737,2805,OFF
2026-06-11 20:10:33.920252,34,63,1407,2635,ON
2026-06-11 20:10:38.982030,32,73,1312,2917,ON
2026-06-11 20:10:43.992547,38,75,86,1844,ON
2026-06-11 20:10:49.021847,36,47,2880,792,OFF
2026-06-11 20:10:54.032608,31,78,480,970,ON
2026-06-11 20:10:59.050607,27,61,870,1538,ON
2026-06-11 20:11:04.127268,26,74,875,2239,ON
2026-06-11 20:11:09.192850,36,64,1029,943,ON
2026-06-11 20:11:14.218512,40,42,771,3579,ON
2026-06-11 20:11:19.230954,39,57,4011,527,OFF
2026-06-11 20:11:24.261638,31,43,1099,1369,ON
2026-06-11 20:11:29.330424,29,72,462,2855,ON
2026-06-11 20:11:34.360055,31,88,2674,1918,OFF
2026-06-11 20:11:39.379876,24,88,1371,1505,ON
2026-06-11 20:11:44.391029,31,41,2970,2891,OFF
2026-06-11 20:11:49.456599,22,63,1166,297,ON
2026-06-11 20:11:54.524269,26,57,3109,538,OFF
2026-06-11 20:11:59.540723,40,75,4033,2397,OFF
2026-06-11 20:12:04.571773,29,62,867,1628,ON
2026-06-11 20:12:09.600605,31,76,3189,2275,OFF
2026-06-11 20:12:14.678959,33,90,1606,4044,ON
2026-06-11 20:12:19.705892,29,64,1035,826,ON
2026-06-11 20:12:24.770777,36,49,2551,70,OFF
2026-06-11 20:12:29.839215,34,69,3651,1470,OFF
2026-06-11 20:12:34.860478,27,50,3517,1291,OFF
2026-06-11 20:12:39.928584,23,88,693,460,ON
2026-06-11 20:12:44.994864,39,71,971,0,ON
2026-06-11 20:12:50.028592,37,84,236,104,ON
2026-06-11 20:12:55.040053,24,59,3590,1649,OFF
2026-06-11 20:13:00.069837,24,72,2393,1658,OFF
2026-06-11 20:13:05.087478,31,59,380,1570,ON
2026-06-11 20:13:10.106623,31,57,3614,3902,OFF
2026-06-11 20:13:15.142405,36,72,1095,3931,ON
2026-06-11 20:13:20.174631,39,41,930,164,ON
2026-06-11 20:13:25.190834,25,81,2194,440,OFF
2026-06-11 20:13:30.198694,24,47,3974,529,OFF
2026-06-11 20:13:35.255300,39,56,1166,3055,ON
2026-06-11 20:13:40.314998,23,64,435,672,ON
2026-06-11 20:13:45.326741,27,53,695,900,ON
2026-06-11 20:13:50.334940,32,61,3357,2187,OFF
2026-06-11 20:13:55.380748,32,46,1734,2199,ON
2026-06-11 20:14:00.397346,40,68,643,129,ON
2026-06-11 20:14:05.414101,28,69,1650,2947,ON
2026-06-11 20:14:10.471643,34,56,1348,2964,ON
2026-06-11 20:14:15.516643,24,59,3223,1048,OFF
2026-06-11 20:14:20.534475,24,79,3193,3944,OFF
2026-06-11 20:14:25.589275,28,54,2917,1783,OFF
2026-06-11 20:14:30.622502,34,86,3464,3656,OFF
2026-06-11 20:14:35.673110,26,74,143,3070,ON
2026-06-11 20:14:40.720670,37,68,737,4069,ON
2026-06-11 20:14:45.730185,33,56,971,3436,ON
2026-06-11 20:14:50.741896,38,78,3748,782,OFF
2026-06-11 20:14:55.759864,33,56,2753,1317,OFF
2026-06-11 20:15:00.779865,26,51,1379,2631,ON
2026-06-11 20:15:05.826127,30,68,2459,3953,OFF
2026-06-11 20:15:10.834672,30,58,3534,824,OFF
2026-06-11 20:15:15.889895,34,53,128,2678,ON
2026-06-11 20:15:20.904585,37,75,3218,3409,OFF
2026-06-11 20:15:25.913968,27,80,2868,2373,OFF
2026-06-11 20:15:30.927408,40,67,3907,3613,OFF
2026-06-11 20:15:35.937040,28,76,707,1701,ON
2026-06-11 20:15:40.997010,30,61,1428,1270,ON
2026-06-11 20:15:46.062694,24,76,3265,2742,OFF
2026-06-11 20:15:51.081858,37,61,2688,668,OFF
2026-06-11 20:15:56.095947,23,60,2304,948,OFF
2026-06-11 20:16:01.152479,29,85,654,3097,ON
2026-06-11 20:16:06.183720,25,90,831,770,ON
2026-06-11 20:16:11.256580,24,64,3534,2360,OFF
2026-06-11 20:16:16.324128,29,55,336,557,ON
2026-06-11 20:16:21.333333,29,86,1727,502,ON
2026-06-11 20:16:26.345740,31,56,3917,1101,OFF
2026-06-11 20:16:31.358687,33,86,3390,247,OFF
2026-06-11 20:16:36.380317,22,56,3803,2223,OFF
2026-06-11 20:16:41.448309,30,56,3373,3433,OFF
2026-06-11 20:16:46.476948,39,75,1896,8,ON
2026-06-11 20:16:51.559048,27,61,3500,840,OFF
2026-06-11 20:16:56.577841,25,78,179,617,ON
2026-06-11 20:17:01.647526,27,78,3135,945,OFF
2026-06-11 20:17:06.696647,40,46,3672,2505,OFF
2026-06-11 20:17:11.726913,31,40,1840,971,ON
2026-06-11 20:17:16.810842,32,62,1832,3637,ON
2026-06-11 20:17:21.827251,34,90,3916,3130,OFF
2026-06-11 20:17:26.848162,40,78,864,2600,ON
2026-06-11 20:17:31.862606,34,40,949,3760,ON
2026-06-11 20:17:36.885794,35,57,198,364,ON
2026-06-11 20:17:41.932933,26,88,1402,1813,ON
2026-06-11 20:17:46.991374,36,68,1057,562,ON
2026-06-11 20:17:52.003563,27,78,3218,3340,OFF
2026-06-11 20:17:57.019486,38,60,3185,3602,OFF
2026-06-11 20:18:02.030095,30,86,1244,1415,ON
2026-06-11 20:18:07.077990,24,48,3974,3235,OFF
2026-06-11 20:18:12.137785,24,61,3650,3653,OFF
2026-06-11 20:18:17.160289,33,77,3815,184,OFF
2026-06-11 20:18:22.174744,28,57,2141,1563,OFF
2026-06-11 20:18:27.189454,33,65,2790,2253,OFF
2026-06-11 20:18:32.279037,24,52,1517,2796,ON
2026-06-11 20:18:37.336410,31,71,623,566,ON
2026-06-11 20:18:42.483621,34,58,3253,1686,OFF
2026-06-11 20:18:47.565159,34,45,1156,2240,ON
2026-06-11 20:18:52.598883,25,73,2885,3386,OFF
2026-06-11 20:18:57.666477,30,50,3763,194,OFF
2026-06-11 20:19:02.697386,33,55,3193,2512,OFF
2026-06-11 20:19:07.709322,40,47,2209,3458,OFF
2026-06-11 20:19:12.786660,31,62,497,4061,ON
2026-06-11 20:19:17.851365,33,68,2482,2942,OFF
2026-06-11 20:19:22.878093,23,41,3228,3014,OFF
2026-06-11 20:19:27.944963,24,62,3152,1589,OFF
2026-06-11 20:19:32.976861,30,72,324,846,ON
2026-06-11 20:19:38.011443,22,61,2957,1681,OFF
2026-06-11 20:19:43.043091,37,60,3157,3226,OFF
2026-06-11 20:19:48.088663,33,45,848,1303,ON
2026-06-11 20:19:53.161831,22,88,2577,1511,OFF
2026-06-11 20:19:58.232373,37,67,3870,2588,OFF
2026-06-11 20:20:03.260553,38,86,3209,3019,OFF
2026-06-11 20:20:08.326698,24,77,690,3665,ON
2026-06-11 20:20:13.355258,36,90,24,1237,ON
2026-06-11 20:20:18.386201,22,73,581,2355,ON
2026-06-11 20:20:23.440988,24,88,777,1488,ON
2026-06-11 20:20:28.474179,37,80,3337,3322,OFF
2026-06-11 20:20:33.493482,36,88,1730,26,ON
2026-06-11 20:20:38.507162,22,82,252,373,ON
2026-06-11 20:20:43.540430,31,82,513,301,ON
2026-06-11 20:20:48.551310,23,56,3689,2739,OFF
2026-06-11 20:20:53.571804,27,52,2992,2290,OFF
2026-06-11 20:20:58.632319,36,81,3649,4002,OFF
2026-06-11 20:21:03.702241,23,55,3341,1098,OFF
2026-06-11 20:21:08.735990,31,72,1457,3426,ON
2026-06-11 20:21:13.743984,25,41,4025,2383,OFF
2026-06-11 20:21:18.776549,38,90,2730,2880,OFF
2026-06-11 20:21:23.802064,33,52,1058,3177,ON
2026-06-11 20:21:28.830016,36,65,787,3184,ON
2026-06-11 20:21:33.859601,34,79,1431,4049,ON
2026-06-11 20:21:38.879787,39,64,2595,2132,OFF
2026-06-11 20:21:43.900379,26,51,2211,2922,OFF
2026-06-11 20:21:48.975063,22,51,1435,529,ON
2026-06-11 20:21:54.003001,27,86,340,344,ON
2026-06-11 20:21:59.033551,29,80,962,352,ON
2026-06-11 20:22:04.062017,29,41,1275,2168,ON
2026-06-11 20:22:09.084336,24,84,617,962,ON
2026-06-11 20:22:14.152419,26,52,1996,3737,ON
2026-06-11 20:22:19.173900,40,71,3299,368,OFF
2026-06-11 20:22:24.197587,28,89,2425,3459,OFF
2026-06-11 20:22:29.233554,28,42,1891,2363,ON
2026-06-11 20:22:34.299360,36,90,242,602,ON
2026-06-11 20:22:39.328257,23,49,65,3369,ON
2026-06-11 20:22:44.350924,22,77,808,1366,ON
2026-06-11 20:22:49.400140,38,84,866,1747,ON
2026-06-11 20:22:54.413076,29,52,1805,3461,ON
2026-06-11 20:22:59.459855,25,45,2546,3396,OFF
2026-06-11 20:23:04.540493,25,89,1778,3127,ON
2026-06-11 20:23:09.568759,30,56,1653,2823,ON
2026-06-11 20:23:14.633898,37,77,1971,3327,ON
2026-06-11 20:23:19.683734,24,46,3827,3112,OFF
2026-06-11 20:23:24.716618,22,62,2236,3768,OFF
2026-06-11 20:23:29.730767,34,89,2799,1067,OFF
2026-06-11 20:23:34.790445,36,77,3588,337,OFF
2026-06-11 20:23:39.830861,28,44,1339,1761,ON
2026-06-11 20:23:44.873427,23,47,3624,2,OFF
2026-06-11 20:23:49.904367,23,70,352,2158,ON
2026-06-11 20:23:54.999496,39,78,2624,191,OFF
2026-06-11 20:24:00.066541,28,51,2395,2259,OFF
2026-06-11 20:24:05.095654,40,54,3474,2922,OFF
2026-06-11 20:24:10.114606,28,44,341,1062,ON
2026-06-11 20:24:15.210412,29,51,1141,3502,ON
2026-06-11 20:24:20.232973,25,69,501,2801,ON
2026-06-11 20:24:25.251994,36,88,1671,173,ON
2026-06-11 20:24:30.264161,40,60,3426,3468,OFF
2026-06-11 20:24:35.315140,38,82,3335,3915,OFF
2026-06-11 20:24:40.400507,39,50,3271,1728,OFF
2026-06-11 20:24:45.421548,31,77,1940,2606,ON
2026-06-11 20:24:50.498173,33,43,3879,2775,OFF
2026-06-11 20:24:55.572999,28,58,3124,2794,OFF
2026-06-11 20:25:00.596005,32,83,589,4049,ON
2026-06-11 20:25:05.720796,31,80,807,1027,ON
2026-06-11 20:25:10.743959,26,80,2090,2836,OFF
2026-06-11 20:25:15.763572,37,67,76,1955,ON
2026-06-11 20:25:20.789455,40,68,888,4015,ON
2026-06-11 20:25:25.861104,24,88,4045,1500,OFF
2026-06-11 20:25:30.873722,27,77,2911,232,OFF
2026-06-11 20:25:35.898390,22,67,2129,101,OFF
2026-06-11 20:25:40.943712,38,57,903,1027,ON
2026-06-11 20:25:46.001046,39,60,2789,3408,OFF
2026-06-11 20:25:51.078468,34,77,842,3320,ON
2026-06-11 20:25:56.121607,28,44,2204,395,OFF
2026-06-11 20:26:01.134421,39,49,3701,659,OFF
2026-06-11 20:26:06.145424,39,40,717,1185,ON
2026-06-11 20:26:11.166705,26,59,491,3417,ON
2026-06-11 20:26:16.199987,27,87,1708,801,ON
2026-06-11 20:26:21.212321,32,72,2760,28,OFF
2026-06-11 20:26:26.258136,25,60,4015,1886,OFF
2026-06-11 20:26:31.290494,24,56,2381,91,OFF
2026-06-11 20:26:36.324442,38,78,1819,343,ON
2026-06-11 20:26:41.364852,35,47,515,272,ON
2026-06-11 20:26:46.379709,29,51,324,920,ON
2026-06-11 20:26:51.390493,40,59,3922,323,OFF
2026-06-11 20:26:56.411425,25,75,2787,3618,OFF
2026-06-11 20:27:01.449542,37,72,3969,3319,OFF
2026-06-11 20:27:06.488247,23,52,3552,66,OFF
2026-06-11 20:27:11.503697,39,83,2256,2494,OFF
2026-06-11 20:27:16.543456,24,45,1013,2767,ON
2026-06-11 20:27:21.568836,35,56,1441,2480,ON
2026-06-11 20:27:26.585353,27,67,3796,3458,OFF
2026-06-11 20:27:31.635936,27,79,1656,1695,ON
2026-06-11 20:27:36.717729,37,71,1172,1726,ON
2026-06-11 20:27:41.759572,22,40,1202,1827,ON
2026-06-11 20:27:46.791950,37,74,1291,289,ON
2026-06-11 20:27:51.854604,29,42,697,3228,ON
2026-06-11 20:27:56.887982,37,55,2318,2262,OFF
2026-06-11 20:28:01.956603,36,43,1219,2988,ON
2026-06-11 20:28:07.029872,36,57,2096,801,OFF
2026-06-11 20:28:12.051487,28,42,803,555,ON
2026-06-11 20:28:17.105679,30,47,608,3726,ON
2026-06-11 20:28:22.184283,29,54,2821,2685,OFF
2026-06-11 20:28:27.213013,39,40,1964,904,ON
2026-06-11 20:28:32.252737,33,85,3702,2786,OFF
2026-06-11 20:28:37.296027,23,44,3592,131,OFF
2026-06-11 20:28:42.321938,27,67,3239,514,OFF
2026-06-11 20:28:47.351421,32,46,1064,918,ON
2026-06-11 20:28:52.398352,25,59,116,1494,ON
2026-06-11 20:28:57.432921,29,87,3669,1515,OFF
2026-06-11 20:29:02.455329,36,85,2347,1422,OFF
2026-06-11 20:29:07.513132,29,90,813,324,ON
2026-06-11 20:29:12.525508,31,85,3139,3010,OFF
2026-06-11 20:29:17.585162,28,50,2919,489,OFF
2026-06-11 20:29:22.604461,31,88,3699,2701,OFF
2026-06-11 20:29:27.674745,34,54,3742,983,OFF
2026-06-11 20:29:32.755053,27,65,2091,1737,OFF
2026-06-11 20:29:37.835042,38,83,3236,4059,OFF
2026-06-11 20:29:42.857948,40,78,3152,3312,OFF
2026-06-11 20:29:47.973374,27,53,2730,2057,OFF
2026-06-11 20:29:52.985736,40,47,2561,205,OFF
2026-06-11 20:29:58.050851,25,69,3653,1240,OFF
2026-06-11 20:30:03.073419,31,67,4073,3501,OFF
2026-06-11 20:30:08.084030,26,82,1255,2040,ON
2026-06-11 20:30:13.194472,38,83,3038,3051,OFF
2026-06-11 20:30:18.311838,25,82,3315,2657,OFF
2026-06-11 20:30:23.363088,32,73,801,3167,ON
2026-06-11 20:30:28.395445,33,56,3331,3644,OFF
2026-06-11 20:30:33.467660,35,44,991,2674,ON
2026-06-11 20:30:38.478999,31,55,627,2093,ON
2026-06-11 20:30:43.557460,37,82,3733,3116,OFF
2026-06-11 20:30:48.619691,32,75,2599,2094,OFF
2026-06-11 20:30:53.629375,37,55,3300,943,OFF
2026-06-11 20:30:58.658927,37,60,1512,4037,ON
2026-06-11 20:31:03.667698,23,71,818,871,ON
2026-06-11 20:31:08.689815,31,61,1180,1828,ON
2026-06-11 20:31:13.712178,38,79,1119,1654,ON
2026-06-11 20:31:18.735878,29,79,4014,2119,OFF
2026-06-11 20:31:23.771805,22,71,2725,3973,OFF
2026-06-11 20:31:28.786755,28,54,2698,2997,OFF
2026-06-11 20:31:33.812590,32,90,1043,2992,ON
2026-06-11 20:31:38.860277,34,79,3822,1162,OFF
2026-06-11 20:31:43.899131,32,70,2158,4049,OFF
2026-06-11 20:31:48.940357,38,60,3228,1831,OFF
2026-06-11 20:31:53.961279,29,73,1696,1270,ON
2026-06-11 20:31:59.031382,34,73,2965,14,OFF
2026-06-11 20:32:04.053351,24,47,1516,1632,ON
2026-06-11 20:32:09.079384,33,49,3661,1711,OFF
2026-06-11 20:32:14.099894,30,85,490,2578,ON
2026-06-11 20:32:19.151288,35,86,534,3492,ON
2026-06-11 20:32:24.222593,35,77,939,3512,ON
2026-06-11 20:32:29.242891,28,72,1610,337,ON
2026-06-11 20:32:34.267194,31,84,3121,1896,OFF
2026-06-11 20:32:39.277023,25,82,2602,1927,OFF
2026-06-11 20:32:44.285986,23,80,2253,1503,OFF
2026-06-11 20:32:49.295592,38,58,463,543,ON
2026-06-11 20:32:54.314418,32,86,3274,1999,OFF
2026-06-11 20:32:59.344578,24,46,4045,3421,OFF
2026-06-11 20:33:04.369366,26,50,2263,2869,OFF
2026-06-11 20:33:09.403280,37,73,347,3319,ON
2026-06-11 20:33:14.473574,29,40,1228,3943,ON
2026-06-11 20:33:19.546797,29,87,2371,191,OFF
2026-06-11 20:33:24.575828,30,53,1546,3883,ON
2026-06-11 20:33:29.641237,37,90,2005,1694,OFF
2026-06-11 20:33:34.675151,35,80,2154,2629,OFF
2026-06-11 20:33:39.740494,27,60,416,1614,ON
2026-06-11 20:33:44.774613,36,50,3630,169,OFF
2026-06-11 20:33:49.806616,27,55,1298,641,ON
2026-06-11 20:33:54.829229,40,74,3443,1488,OFF
2026-06-11 20:33:59.844776,25,79,2045,455,OFF
2026-06-11 20:34:04.919308,28,63,349,2182,ON
2026-06-11 20:34:09.957498,25,52,1964,3455,ON
2026-06-11 20:34:14.995569,32,89,68,2598,ON
2026-06-11 20:34:20.066535,22,54,3266,2396,OFF
2026-06-11 20:34:25.131799,26,55,298,2771,ON
2026-06-11 20:34:30.162243,30,58,913,3207,ON
2026-06-11 20:34:35.190565,38,60,1665,2164,ON
2026-06-11 20:34:40.220301,35,80,2176,3038,OFF
2026-06-11 20:34:45.307541,29,53,2563,3041,OFF
2026-06-11 20:34:50.339025,24,55,1903,78,ON
2026-06-11 20:34:55.372566,23,41,2657,2287,OFF
2026-06-11 20:35:00.446585,26,46,2237,97,OFF
2026-06-11 20:35:05.460883,38,46,3846,1805,OFF
2026-06-11 20:35:10.497169,39,49,1682,1713,ON
2026-06-11 20:35:15.536824,28,79,2468,1453,OFF
2026-06-11 20:35:20.612613,34,88,2505,852,OFF
2026-06-11 20:35:25.632307,22,52,2441,2263,OFF
2026-06-11 20:35:30.666740,23,65,1190,1180,ON
2026-06-11 20:35:35.695898,22,52,3713,953,OFF
2026-06-11 20:35:40.737503,26,82,209,1952,ON
2026-06-11 20:35:45.775186,30,62,1456,1010,ON
2026-06-11 20:35:50.918803,34,87,1361,1368,ON
2026-06-11 20:35:55.975617,28,43,2954,3715,OFF
2026-06-11 20:36:01.031788,31,71,1107,885,ON
2026-06-11 20:36:06.050399,25,68,2225,2822,OFF
2026-06-11 20:36:11.111460,32,86,141,3093,ON
2026-06-11 20:36:16.231422,27,44,3442,1827,OFF
2026-06-11 20:36:21.246223,23,67,1649,3869,ON
2026-06-11 20:36:26.293704,22,40,2865,1571,OFF
2026-06-11 20:36:31.342378,37,81,1634,1856,ON
2026-06-11 20:36:36.351325,37,51,862,1151,ON
2026-06-11 20:36:41.362495,24,82,1875,1207,ON
2026-06-11 20:36:46.411681,27,78,2169,1416,OFF
2026-06-11 20:36:51.420095,23,71,3637,3024,OFF
2026-06-11 20:36:56.466646,31,84,2036,3617,OFF
2026-06-11 20:37:01.478105,31,44,2200,3114,OFF
2026-06-11 20:37:06.502312,26,73,3635,2730,OFF
2026-06-11 20:37:11.568374,37,59,1156,1319,ON
2026-06-11 20:37:16.597874,40,51,2272,1787,OFF
2026-06-11 20:37:21.660584,25,88,2029,844,OFF
2026-06-11 20:37:26.680395,36,40,474,23,ON
2026-06-11 20:37:31.703934,40,81,160,1361,ON
2026-06-11 20:37:36.726579,26,60,77,517,ON
2026-06-11 20:37:41.762123,40,61,2597,2291,OFF
2026-06-11 20:37:46.777139,32,53,1856,3129,ON
2026-06-11 20:37:51.830792,26,64,3735,481,OFF
2026-06-11 20:37:56.876617,40,42,2820,861,OFF
2026-06-11 20:38:01.885291,24,51,3837,1790,OFF
2026-06-11 20:38:06.894517,27,87,1419,3025,ON
2026-06-11 20:38:11.903907,23,85,3105,1690,OFF
2026-06-11 20:38:16.920910,38,47,2601,2223,OFF
2026-06-11 20:38:21.982435,38,88,1672,2627,ON
2026-06-11 20:38:27.004384,29,52,3477,1293,OFF
2026-06-11 20:38:32.078062,26,77,3669,3123,OFF
2026-06-11 20:38:37.112745,27,80,3621,1190,OFF
2026-06-11 20:38:42.136244,23,67,3094,3196,OFF
2026-06-11 20:38:47.168768,25,74,1395,2253,ON
2026-06-11 20:38:52.196664,22,43,2374,1453,OFF
2026-06-11 20:38:57.229324,38,60,876,780,ON
2026-06-11 20:39:02.252653,23,67,3532,1973,OFF
2026-06-11 20:39:07.329528,29,48,977,2074,ON
2026-06-11 20:39:12.349265,29,63,1733,3398,ON
2026-06-11 20:39:17.389058,28,87,2993,2942,OFF
2026-06-11 20:39:22.411741,39,40,1587,1852,ON
2026-06-11 20:39:27.452362,32,83,3632,3156,OFF
2026-06-11 20:39:32.484497,27,48,3894,1519,OFF
2026-06-11 20:39:37.571113,29,71,1295,3821,ON
2026-06-11 20:39:42.609102,24,66,3925,3115,OFF
2026-06-11 20:39:47.630484,26,77,1674,4009,ON
2026-06-11 20:39:52.724539,25,59,3808,349,OFF
2026-06-11 20:39:57.749471,36,42,285,3022,ON
2026-06-11 20:40:02.810259,38,82,1292,1359,ON
2026-06-11 20:40:07.851268,39,90,2605,311,OFF
2026-06-11 20:40:12.865664,38,88,2837,1924,OFF
2026-06-11 20:40:17.917418,30,66,726,1959,ON
2026-06-11 20:40:22.926060,38,81,3516,1874,OFF
2026-06-11 20:40:27.935698,37,87,72,2804,ON
2026-06-11 20:40:32.944368,28,43,912,3353,ON
2026-06-11 20:40:37.954780,34,83,2533,1766,OFF
2026-06-11 20:40:42.965278,36,72,3525,555,OFF
2026-06-11 20:40:47.979590,23,82,4003,1157,OFF
2026-06-11 20:40:53.003008,27,59,1253,49,ON
2026-06-11 20:40:58.059630,23,82,530,3648,ON
2026-06-11 20:41:03.099507,28,78,58,2177,ON
2026-06-11 20:41:08.132595,32,81,1273,2924,ON
2026-06-11 20:41:13.166633,38,48,4067,3782,OFF
2026-06-11 20:41:18.175823,37,78,58,739,ON
2026-06-11 20:41:23.227047,27,79,1802,0,ON
2026-06-11 20:41:28.239245,27,51,171,3784,ON
2026-06-11 20:41:33.247394,28,53,454,2765,ON
2026-06-11 20:41:38.267907,35,74,1994,504,ON
2026-06-11 20:41:43.304260,35,87,2639,177,OFF
2026-06-11 20:41:48.342634,25,78,1456,2974,ON
2026-06-11 20:41:53.482758,32,70,2029,679,OFF
2026-06-11 20:41:58.515424,40,70,2733,3233,OFF
2026-06-11 20:42:03.593618,29,53,1517,164,ON
2026-06-11 20:42:08.624364,26,64,3113,774,OFF
2026-06-11 20:42:13.640746,39,44,840,1327,ON
2026-06-11 20:42:18.727085,28,87,1375,2557,ON
2026-06-11 20:42:23.747971,26,45,547,2983,ON
2026-06-11 20:42:28.820552,22,64,438,2845,ON
2026-06-11 20:42:33.856915,26,44,969,2529,ON
2026-06-11 20:42:38.873572,33,55,2509,4067,OFF
2026-06-11 20:42:43.884132,22,80,2245,3404,OFF
2026-06-11 20:42:48.941713,30,88,70,983,ON
2026-06-11 20:42:53.960824,39,51,1364,2423,ON
2026-06-11 20:42:58.974572,23,44,3118,620,OFF
2026-06-11 20:43:03.984648,32,87,3717,3486,OFF
2026-06-11 20:43:08.996346,28,69,598,1235,ON
2026-06-11 20:43:14.006675,31,60,121,1187,ON
2026-06-11 20:43:19.053028,40,61,3818,3072,OFF
2026-06-11 20:43:24.071018,34,52,3176,1025,OFF
2026-06-11 20:43:29.086813,40,87,1512,15,ON
2026-06-11 20:43:34.137682,40,76,1222,1698,ON
2026-06-11 20:43:39.146179,26,80,137,2925,ON
2026-06-11 20:43:44.197984,34,67,89,1526,ON
2026-06-11 20:43:49.216149,23,84,1822,3314,ON
2026-06-11 20:43:54.233590,25,62,1154,2322,ON
2026-06-11 20:43:59.291116,26,47,3234,3588,OFF
2026-06-11 20:44:04.301334,33,73,2758,1966,OFF
2026-06-11 20:44:09.309767,31,89,3765,624,OFF
2026-06-11 20:44:14.317677,26,60,1058,4021,ON
2026-06-11 20:44:19.380818,37,59,2570,2286,OFF
2026-06-11 20:44:24.410447,24,66,1322,2513,ON
2026-06-11 20:44:29.455220,27,62,3412,757,OFF
2026-06-11 20:44:34.485485,37,52,2243,2123,OFF
2026-06-11 20:44:39.515906,29,45,3225,1074,OFF
2026-06-11 20:44:44.681159,27,86,3242,3176,OFF
2026-06-11 20:44:49.716462,27,49,1246,540,ON
2026-06-11 20:44:54.770896,26,71,851,1893,ON
2026-06-11 20:44:59.859539,31,65,3372,1190,OFF
2026-06-11 20:45:04.900592,39,58,2518,2073,OFF
2026-06-11 20:45:09.923620,29,78,2980,2074,OFF
2026-06-11 20:45:14.960569,32,55,1015,3397,ON
2026-06-11 20:45:19.994790,23,44,1588,934,ON
2026-06-11 20:45:25.032493,37,86,2575,1039,OFF
2026-06-11 20:45:30.068706,30,74,3608,1691,OFF
2026-06-11 20:45:35.143170,28,64,844,19,ON
2026-06-11 20:45:40.191614,26,47,593,1142,ON
2026-06-11 20:45:45.239119,29,83,3012,3060,OFF
2026-06-11 20:45:50.269466,24,46,479,1428,ON
2026-06-11 20:45:55.292140,22,48,1976,3438,ON
2026-06-11 20:46:00.324270,29,42,1461,2,ON
2026-06-11 20:46:05.359378,30,61,1578,1727,ON
2026-06-11 20:46:10.382716,29,42,2173,2867,OFF
2026-06-11 20:46:15.408784,29,47,4089,3677,OFF
2026-06-11 20:46:20.427558,31,45,4082,747,OFF
2026-06-11 20:46:25.440271,29,79,3410,1348,OFF
2026-06-11 20:46:30.460484,36,54,1668,2464,ON
2026-06-11 20:46:35.476084,35,88,1890,2766,ON
2026-06-11 20:46:40.484938,38,52,3613,3172,OFF
2026-06-11 20:46:45.531189,37,83,1957,1882,ON
2026-06-11 20:46:50.544848,27,76,3588,3704,OFF
2026-06-11 20:46:55.561772,30,90,1577,2738,ON
2026-06-11 20:47:00.586692,34,48,1753,3480,ON
2026-06-11 20:47:05.648355,23,66,1100,2168,ON
2026-06-11 20:47:10.656817,35,55,2895,2145,OFF
2026-06-11 20:47:15.680787,23,52,2248,414,OFF
2026-06-11 20:47:20.706195,30,82,1233,2953,ON
2026-06-11 20:47:25.909477,32,53,639,2344,ON
2026-06-11 20:47:30.926666,40,47,3412,3896,OFF
2026-06-11 20:47:36.044956,38,85,4045,2269,OFF
2026-06-11 20:47:41.056507,26,67,3188,2176,OFF
2026-06-11 20:47:46.066015,25,41,908,482,ON
2026-06-11 20:47:51.074904,39,75,1642,152,ON
2026-06-11 20:47:56.083193,33,46,1835,2533,ON
2026-06-11 20:48:01.114217,26,80,2152,1169,OFF
2026-06-11 20:48:06.134911,34,61,434,3069,ON
2026-06-11 20:48:11.144409,23,57,2469,18,OFF
2026-06-11 20:48:16.192667,27,69,1370,2565,ON
2026-06-11 20:48:21.211172,34,45,2,65,ON
2026-06-11 20:48:26.245062,31,44,3337,637,OFF
2026-06-11 20:48:31.275337,38,87,971,3374,ON
2026-06-11 20:48:36.337290,38,65,3095,3211,OFF
2026-06-11 20:48:41.348651,35,66,3600,1656,OFF
2026-06-11 20:48:46.357800,40,78,2164,3243,OFF
2026-06-11 20:48:51.384238,28,57,2618,1766,OFF
2026-06-11 20:48:56.393335,25,72,1242,3311,ON
2026-06-11 20:49:01.412745,36,78,835,1346,ON
2026-06-11 20:49:06.445436,30,54,3395,1990,OFF
2026-06-11 20:49:11.478096,31,89,1208,2903,ON
2026-06-11 20:49:16.509680,40,90,3132,1382,OFF
2026-06-11 20:49:21.542007,31,71,1001,3920,ON
2026-06-11 20:49:26.575108,32,58,939,1055,ON
2026-06-11 20:49:31.613442,32,49,86,1931,ON
2026-06-11 20:49:36.659151,30,65,2684,492,OFF
2026-06-11 20:49:41.735357,34,74,1112,2440,ON
2026-06-11 20:49:46.766457,29,88,3840,2646,OFF
2026-06-11 20:49:51.818274,30,48,3649,2655,OFF
2026-06-11 20:49:56.877619,31,56,2661,4062,OFF
2026-06-11 20:50:01.942678,37,58,3562,1601,OFF
2026-06-11 20:50:07.020444,24,69,2246,1256,OFF
2026-06-11 20:50:12.114729,28,90,2208,3937,OFF
2026-06-11 20:50:17.174316,35,51,258,467,ON
2026-06-11 20:50:22.226529,23,47,2847,2979,OFF
2026-06-11 20:50:27.270596,24,88,1646,298,ON
2026-06-11 20:50:32.345591,31,78,887,707,ON
2026-06-11 20:50:37.382410,40,78,2951,3599,OFF
2026-06-11 20:50:42.416911,35,44,3742,473,OFF
2026-06-11 20:50:47.426313,28,45,3379,498,OFF
2026-06-11 20:50:52.457182,22,57,481,4093,ON
2026-06-11 20:50:57.508632,24,73,1533,3524,ON
2026-06-11 20:51:02.547320,32,83,1558,2665,ON
2026-06-11 20:51:07.583306,23,58,3660,383,OFF
2026-06-11 20:51:12.621897,38,76,879,1769,ON
2026-06-11 20:51:17.667812,23,66,1879,419,ON
2026-06-11 20:51:22.677769,28,62,2188,2752,OFF
2026-06-11 20:51:27.698016,25,44,1591,2707,ON
2026-06-11 20:51:32.763748,38,44,1204,2772,ON
2026-06-11 20:51:37.798472,24,67,1280,2285,ON
2026-06-11 20:51:42.867363,39,55,3138,1492,OFF
2026-06-11 20:51:47.895917,27,45,3687,1089,OFF
2026-06-11 20:51:52.927310,36,86,1102,2463,ON
2026-06-11 20:51:57.951297,36,60,3443,2198,OFF
2026-06-11 20:52:02.993677,29,44,3241,2225,OFF
2026-06-11 20:52:08.075547,34,79,2132,891,OFF
2026-06-11 20:52:13.159912,37,74,1314,753,ON
2026-06-11 20:52:18.191664,23,70,1318,2608,ON
2026-06-11 20:52:23.224806,37,89,1720,2531,ON
2026-06-11 20:52:28.249058,29,70,1614,1082,ON
2026-06-11 20:52:33.281898,27,65,2843,2886,OFF
2026-06-11 20:52:38.305834,35,72,2250,3059,OFF
2026-06-11 20:52:43.338057,39,52,2462,1779,OFF
2026-06-11 20:52:48.390196,24,54,3059,723,OFF
2026-06-11 20:52:53.402253,22,83,594,1663,ON
2026-06-11 20:52:58.412200,36,45,1411,3685,ON
2026-06-11 20:53:03.506509,37,54,2319,769,OFF
2026-06-11 20:53:08.522142,25,45,1411,2690,ON
2026-06-11 20:53:13.531182,37,79,280,3573,ON
2026-06-11 20:53:18.579952,24,70,2251,3632,OFF
2026-06-11 20:53:23.592064,30,77,2090,1824,OFF
2026-06-11 20:53:28.601132,28,58,2102,753,OFF
2026-06-11 20:53:33.627330,23,63,976,3006,ON
2026-06-11 20:53:38.658612,36,57,739,3310,ON
2026-06-11 20:53:43.690226,33,72,315,935,ON
2026-06-11 20:53:48.718827,33,89,245,3600,ON
2026-06-11 20:53:53.751206,27,65,337,1447,ON
2026-06-11 20:53:58.784743,26,53,2167,1797,OFF
2026-06-11 20:54:03.818702,38,41,14,3618,ON
2026-06-11 20:54:08.850664,38,67,669,3174,ON
2026-06-11 20:54:13.881896,30,80,834,3033,ON
2026-06-11 20:54:18.915573,40,56,617,818,ON
2026-06-11 20:54:23.953532,27,81,1950,1883,ON
2026-06-11 20:54:28.979001,35,76,351,3823,ON
2026-06-11 20:54:34.014798,36,84,3308,3977,OFF
2026-06-11 20:54:39.036679,36,63,2246,3516,OFF
2026-06-11 20:54:44.066856,37,66,2401,2423,OFF
2026-06-11 20:54:49.094415,40,76,3599,1335,OFF
2026-06-11 20:54:54.127700,35,67,1612,1227,ON
2026-06-11 20:54:59.154084,33,87,699,3191,ON
2026-06-11 20:55:04.186850,24,68,2994,1521,OFF
2026-06-11 20:55:09.207300,39,82,1161,770,ON
2026-06-11 20:55:14.281968,27,71,1950,3377,ON
2026-06-11 20:55:19.314424,22,60,1480,2602,ON
2026-06-11 20:55:24.349542,35,77,1063,248,ON
2026-06-11 20:55:29.371380,33,60,1017,1544,ON
2026-06-11 20:55:34.404750,33,59,496,1004,ON
2026-06-11 20:55:39.438631,36,57,2009,2987,OFF
2026-06-11 20:55:44.461968,25,48,3394,4029,OFF
2026-06-11 20:55:49.524407,34,58,170,1513,ON
2026-06-11 20:55:54.545411,37,89,3488,1255,OFF
2026-06-11 20:55:59.580268,22,60,2278,175,OFF
2026-06-11 20:56:04.604540,39,66,3783,2300,OFF
2026-06-11 20:56:09.624039,29,57,2007,2803,OFF
2026-06-11 20:56:14.693935,22,49,710,2676,ON
2026-06-11 20:56:19.747457,30,52,3412,3508,OFF
2026-06-11 20:56:24.774501,37,81,1181,4071,ON
2026-06-11 20:56:29.812118,26,63,333,982,ON
2026-06-11 20:56:34.847473,34,66,3011,3556,OFF
2026-06-11 20:56:39.857341,22,65,3446,2653,OFF
2026-06-11 20:56:44.871086,28,88,356,3399,ON
2026-06-11 20:56:49.893622,24,55,3287,204,OFF
2026-06-11 20:56:54.925707,32,72,3487,2442,OFF
2026-06-11 20:56:59.973172,40,66,1947,2363,ON
2026-06-11 20:57:05.026074,28,64,3746,498,OFF
2026-06-11 20:57:10.061685,32,44,3282,2202,OFF
2026-06-11 20:57:15.089158,33,66,3935,2562,OFF
2026-06-11 20:57:20.146072,36,78,371,2121,ON
2026-06-11 20:57:25.188108,27,51,2832,1324,OFF
2026-06-11 20:57:30.198853,31,84,1455,3367,ON
2026-06-11 20:57:35.221202,37,81,1208,468,ON
2026-06-11 20:57:40.297697,26,70,22,2492,ON
2026-06-11 20:57:45.346966,32,90,1462,3377,ON
2026-06-11 20:57:50.373734,38,49,1062,562,ON
2026-06-11 20:57:55.450714,28,67,2479,836,OFF
2026-06-11 20:58:00.536430,30,59,3102,1933,OFF
2026-06-11 20:58:05.571674,27,41,3931,1667,OFF
2026-06-11 20:58:10.635766,22,85,307,1538,ON
2026-06-11 20:58:15.659158,22,79,1923,2536,ON
2026-06-11 20:58:20.711597,36,75,3552,3357,OFF
2026-06-11 20:58:25.735378,23,70,1445,2760,ON
2026-06-11 20:58:30.748979,26,46,533,1054,ON
2026-06-11 20:58:35.832037,28,88,3522,409,OFF
2026-06-11 20:58:40.864703,34,74,590,1891,ON
2026-06-11 20:58:45.935969,24,70,1163,2674,ON
2026-06-11 20:58:51.005467,28,61,1980,1988,ON
2026-06-11 20:58:56.043809,32,70,2837,1722,OFF
2026-06-11 20:59:01.079392,23,55,2859,2928,OFF
2026-06-11 20:59:06.109358,30,69,453,2851,ON
2026-06-11 20:59:11.189558,24,63,3871,155,OFF
2026-06-11 20:59:16.224270,34,85,174,2057,ON
2026-06-11 20:59:21.262170,34,82,776,1146,ON
2026-06-11 20:59:26.292903,38,70,3704,1422,OFF
2026-06-11 20:59:31.328489,24,51,1280,3112,ON
2026-06-11 20:59:36.364792,39,66,904,435,ON
2026-06-11 20:59:41.398193,27,47,3565,2984,OFF
2026-06-11 20:59:46.434981,34,44,3445,3697,OFF
2026-06-11 20:59:51.468656,22,44,2361,101,OFF
2026-06-11 20:59:56.502693,38,54,3711,2728,OFF
2026-06-11 21:00:01.530658,28,65,3415,3043,OFF
2026-06-11 21:00:06.559909,25,82,1680,722,ON
2026-06-11 21:00:11.581468,35,80,293,2957,ON
2026-06-11 21:00:16.610627,22,64,197,393,ON
2026-06-11 21:00:21.642830,23,66,3517,1246,OFF
2026-06-11 21:00:26.671033,26,90,3387,1982,OFF
2026-06-11 21:00:31.694145,27,86,1974,2411,ON
2026-06-11 21:00:36.726623,25,73,1688,2884,ON
2026-06-11 21:00:41.759902,22,82,1747,2825,ON
2026-06-11 21:00:46.783771,30,66,2002,1353,OFF
2026-06-11 21:00:51.816343,30,83,3024,708,OFF
2026-06-11 21:00:56.850918,25,60,3796,3318,OFF
2026-06-11 21:01:01.889881,35,65,1470,1735,ON
2026-06-11 21:01:06.918701,33,69,2628,3261,OFF
2026-06-11 21:01:11.953690,39,74,3077,1932,OFF
2026-06-11 21:01:16.997703,22,60,723,1317,ON
2026-06-11 21:01:22.032754,38,41,3786,3731,OFF
2026-06-11 21:01:27.079959,34,87,1116,3550,ON
2026-06-11 21:01:32.119889,35,40,3745,2567,OFF
2026-06-11 21:01:37.139479,34,90,589,2368,ON
2026-06-11 21:01:42.217103,33,66,3358,1191,OFF
2026-06-11 21:01:47.226802,26,61,249,3464,ON
2026-06-11 21:01:52.236331,25,88,3785,1212,OFF
2026-06-11 21:01:57.291112,36,67,3550,2414,OFF
2026-06-11 21:02:02.327843,25,71,1564,2919,ON
2026-06-11 21:02:07.362805,30,63,1830,830,ON
2026-06-11 21:02:12.372853,36,75,1984,1903,ON
2026-06-11 21:02:17.426572,26,72,11,2261,ON
2026-06-11 21:02:22.470175,29,49,2489,3225,OFF
2026-06-11 21:02:27.494702,37,80,3895,819,OFF
2026-06-11 21:02:32.540814,26,82,4023,2329,OFF
2026-06-11 21:02:37.572755,26,83,1753,3034,ON
2026-06-11 21:02:42.615669,32,78,2431,785,OFF
2026-06-11 21:02:47.660256,29,60,3658,2004,OFF
2026-06-11 21:02:52.695120,27,45,477,2171,ON
2026-06-11 21:02:57.776643,40,58,308,438,ON
2026-06-11 21:03:02.826459,23,73,3274,1198,OFF
2026-06-11 21:03:07.887667,28,47,2383,3933,OFF
2026-06-11 21:03:12.914990,37,64,256,1887,ON
2026-06-11 21:03:17.951463,26,73,3677,924,OFF
2026-06-11 21:03:22.981371,25,52,1909,2620,ON
2026-06-11 21:03:28.016067,40,68,2217,2084,OFF
2026-06-11 21:03:33.051471,40,46,2292,941,OFF
2026-06-11 21:03:38.126102,32,47,159,3317,ON
2026-06-11 21:03:43.157640,36,71,1302,3153,ON
2026-06-11 21:03:48.195919,34,42,220,171,ON
2026-06-11 21:03:53.230744,36,58,4031,2144,OFF
2026-06-11 21:03:58.258820,30,73,2991,1973,OFF
2026-06-11 21:04:03.291481,36,68,2769,2719,OFF
2026-06-11 21:04:08.327915,37,62,1251,836,ON
2026-06-11 21:04:13.367211,38,75,3766,1213,OFF
2026-06-11 21:04:18.390225,37,52,2756,598,OFF
2026-06-11 21:04:23.444719,29,65,2713,2299,OFF
2026-06-11 21:04:28.479777,34,59,3478,1379,OFF
2026-06-11 21:04:33.513474,23,87,305,843,ON
2026-06-11 21:04:38.549090,33,54,3125,488,OFF
2026-06-11 21:04:43.622479,40,89,1775,2424,ON
2026-06-11 21:04:48.684791,40,58,1370,3715,ON
2026-06-11 21:04:53.699558,34,88,915,3341,ON
2026-06-11 21:04:58.711065,36,67,3615,3568,OFF
2026-06-11 21:05:03.761559,40,72,1366,84,ON
2026-06-11 21:05:08.770409,39,63,2806,3084,OFF
2026-06-11 21:05:13.779780,38,66,1751,1832,ON
2026-06-11 21:05:18.829104,31,53,1096,3845,ON
2026-06-11 21:05:23.839842,36,82,1262,3428,ON
2026-06-11 21:05:28.874947,38,76,1491,286,ON
2026-06-11 21:05:33.907423,24,54,2598,2812,OFF
2026-06-11 21:05:38.982116,32,51,2005,3737,OFF
2026-06-11 21:05:44.021167,27,86,3777,2800,OFF
2026-06-11 21:05:49.050175,23,82,338,2393,ON
2026-06-11 21:05:54.115774,29,87,3512,3166,OFF
2026-06-11 21:05:59.149186,39,57,1091,226,ON
2026-06-11 21:06:04.180917,27,60,2519,2992,OFF
2026-06-11 21:06:09.213828,35,62,2403,1067,OFF
2026-06-11 21:06:14.249261,27,49,2118,591,OFF
2026-06-11 21:06:19.284389,27,57,135,3847,ON
2026-06-11 21:06:24.316910,29,82,3451,2889,OFF
2026-06-11 21:06:29.393556,31,51,4065,91,OFF
2026-06-11 21:06:34.428825,24,64,1454,2670,ON
2026-06-11 21:06:39.470644,34,53,3211,1766,OFF
2026-06-11 21:06:44.507753,39,69,2820,2717,OFF
2026-06-11 21:06:49.544733,28,83,1607,3495,ON
2026-06-11 21:06:54.578614,36,83,1826,3857,ON
2026-06-11 21:06:59.607570,37,64,849,3713,ON
2026-06-11 21:07:04.634696,38,75,3581,201,OFF
2026-06-11 21:07:09.787194,36,72,475,1278,ON
2026-06-11 21:07:14.846133,40,47,3627,3144,OFF
2026-06-11 21:07:19.868158,37,69,4010,582,OFF
2026-06-11 21:07:24.898683,33,49,2269,2276,OFF
2026-06-11 21:07:29.945049,25,86,3021,630,OFF
2026-06-11 21:07:34.992327,29,68,660,1359,ON
2026-06-11 21:07:40.004909,32,62,2651,3664,OFF
2026-06-11 21:07:45.053507,25,50,2661,3666,OFF
2026-06-11 21:07:50.101734,27,71,2053,1511,OFF
2026-06-11 21:07:55.119569,27,41,2438,1107,OFF
2026-06-11 21:08:00.137191,24,67,2890,225,OFF
2026-06-11 21:08:05.184452,38,79,2015,324,OFF
2026-06-11 21:08:10.198097,27,89,1821,3120,ON
2026-06-11 21:08:15.246962,32,78,2998,4007,OFF
2026-06-11 21:08:20.296953,32,66,3430,1851,OFF
2026-06-11 21:08:25.364970,29,55,3284,637,OFF
2026-06-11 21:08:30.410650,32,52,539,3075,ON
2026-06-11 21:08:35.548767,36,59,2561,258,OFF
2026-06-11 21:08:40.584551,27,75,106,3726,ON
2026-06-11 21:08:45.620046,39,73,50,926,ON
2026-06-11 21:08:50.661058,35,76,1309,2004,ON
2026-06-11 21:08:55.691239,36,90,2161,677,OFF
2026-06-11 21:09:00.727895,34,43,151,1942,ON
2026-06-11 21:09:05.798535,30,85,1129,2593,ON
2026-06-11 21:09:10.828636,30,71,2909,2423,OFF
2026-06-11 21:09:15.904214,30,68,2218,3245,OFF
2026-06-11 21:09:20.934998,39,51,3819,966,OFF
2026-06-11 21:09:25.963284,34,60,2110,3949,OFF
2026-06-11 21:09:30.994707,40,52,3916,2882,OFF
2026-06-11 21:09:36.020893,39,45,1334,2586,ON
2026-06-11 21:09:41.049485,27,59,1659,862,ON
2026-06-11 21:09:46.080847,26,43,1936,3114,ON
2026-06-11 21:09:51.116309,22,81,3812,745,OFF
2026-06-11 21:09:56.154824,26,65,1332,950,ON
2026-06-11 21:10:01.191305,30,50,1458,3666,ON
2026-06-11 21:10:06.229143,37,60,2051,2806,OFF
2026-06-11 21:10:11.264309,36,40,1687,3270,ON
2026-06-11 21:10:16.308546,25,79,914,3995,ON
2026-06-11 21:10:21.330528,33,55,2284,2147,OFF
2026-06-11 21:10:26.388083,25,83,7,3139,ON
2026-06-11 21:10:31.427925,34,50,3312,4039,OFF
2026-06-11 21:10:36.455057,36,62,2494,3733,OFF
2026-06-11 21:10:41.471517,39,87,3293,3939,OFF
2026-06-11 21:10:46.533025,26,54,2912,2279,OFF
2026-06-11 21:10:51.593891,34,64,1063,3592,ON
2026-06-11 21:10:56.629523,34,60,2414,3980,OFF
2026-06-11 21:11:01.653801,22,57,1930,3465,ON
2026-06-11 21:11:06.673503,32,50,213,144,ON
2026-06-11 21:11:11.720441,24,70,2343,3089,OFF
2026-06-11 21:11:16.748438,31,59,2768,2415,OFF
2026-06-11 21:11:21.831530,28,80,1869,1096,ON
2026-06-11 21:11:26.854163,25,80,2261,3235,OFF
2026-06-11 21:11:31.888084,35,83,3918,455,OFF
2026-06-11 21:11:36.955555,26,56,367,3899,ON
2026-06-11 21:11:41.966100,30,49,4084,1760,OFF
2026-06-11 21:11:47.004365,34,72,1475,1995,ON
2026-06-11 21:11:52.044024,22,41,579,3262,ON
2026-06-11 21:11:57.080894,35,78,3774,2530,OFF
2026-06-11 21:12:02.150462,30,70,3781,3708,OFF
2026-06-11 21:12:07.170544,26,46,397,2302,ON
2026-06-11 21:12:12.181158,24,84,3249,1503,OFF
2026-06-11 21:12:17.283609,36,81,1916,219,ON
2026-06-11 21:12:22.323778,32,76,2997,1858,OFF
2026-06-11 21:12:27.366344,23,71,611,128,ON
2026-06-11 21:12:32.425866,27,47,302,377,ON
2026-06-11 21:12:37.453763,31,72,985,1181,ON
2026-06-11 21:12:42.506596,26,50,1121,418,ON
2026-06-11 21:12:47.585292,37,69,3577,2032,OFF
2026-06-11 21:12:52.622050,33,60,1651,1475,ON
2026-06-11 21:12:57.636619,22,53,1690,286,ON
2026-06-11 21:13:02.726484,30,50,1407,166,ON
2026-06-11 21:13:07.755254,33,89,2949,2520,OFF
2026-06-11 21:13:12.811664,23,90,386,4023,ON
2026-06-11 21:13:17.894783,33,71,410,3018,ON
2026-06-11 21:13:22.919335,33,61,1696,2781,ON
2026-06-11 21:13:27.950435,33,86,1554,3291,ON
2026-06-11 21:13:32.973849,23,47,2627,3085,OFF
2026-06-11 21:13:38.049713,37,48,2003,3539,OFF
2026-06-11 21:13:43.111912,31,49,3049,905,OFF
2026-06-11 21:13:48.127017,30,47,237,2280,ON
2026-06-11 21:13:53.174137,29,50,3102,3689,OFF
2026-06-11 21:13:58.231454,26,45,1693,3918,ON
2026-06-11 21:14:03.266255,36,61,3457,1131,OFF
2026-06-11 21:14:08.301088,38,82,122,2639,ON
2026-06-11 21:14:13.359288,40,61,3694,2917,OFF
2026-06-11 21:14:18.379913,22,54,3153,1710,OFF
2026-06-11 21:14:23.412970,25,54,284,2008,ON
2026-06-11 21:14:28.483434,31,60,1962,1654,ON
2026-06-11 21:14:33.500839,38,72,3203,955,OFF
2026-06-11 21:14:38.540206,39,70,2787,179,OFF
2026-06-11 21:14:43.581799,38,48,3695,3813,OFF
2026-06-11 21:14:48.616460,27,45,653,1253,ON
2026-06-11 21:14:53.628887,28,87,2213,2285,OFF
2026-06-11 21:14:58.656546,27,70,1280,741,ON
2026-06-11 21:15:03.689394,22,64,3635,2847,OFF
2026-06-11 21:15:08.702488,29,86,3431,788,OFF
2026-06-11 21:15:13.718803,32,62,1575,2030,ON
2026-06-11 21:15:18.779042,31,77,2405,1671,OFF
2026-06-11 21:15:23.819753,33,55,2329,2378,OFF
2026-06-11 21:15:28.859508,24,61,2862,2222,OFF
2026-06-11 21:15:33.907231,28,49,3542,93,OFF
2026-06-11 21:15:38.917937,23,45,1305,2987,ON
2026-06-11 21:15:43.963903,30,65,1304,1264,ON
2026-06-11 21:15:49.006585,39,56,2199,2288,OFF
2026-06-11 21:15:54.024808,23,57,2150,77,OFF
2026-06-11 21:15:59.056073,24,40,1885,3806,ON
2026-06-11 21:16:04.071041,25,86,839,4059,ON
2026-06-11 21:16:09.128090,39,70,3728,2704,OFF
2026-06-11 21:16:14.145576,22,67,3226,2385,OFF
2026-06-11 21:16:19.167883,40,80,3236,854,OFF
2026-06-11 21:16:24.220711,35,48,668,457,ON
2026-06-11 21:16:29.294786,33,79,1326,566,ON
2026-06-11 21:16:34.339236,36,68,3155,1418,OFF
2026-06-11 21:16:39.356275,28,55,1508,238,ON
2026-06-11 21:16:44.396233,25,62,1279,2733,ON
2026-06-11 21:16:49.450315,26,85,2942,632,OFF
2026-06-11 21:16:54.515980,22,88,1005,871,ON
2026-06-11 21:16:59.546428,33,67,1080,2559,ON
2026-06-11 21:17:04.589361,26,53,3592,290,OFF
2026-06-11 21:17:09.663145,24,50,3773,29,OFF
2026-06-11 21:17:14.674751,36,85,161,2628,ON
2026-06-11 21:17:19.704429,33,70,732,3757,ON
2026-06-11 21:17:24.739094,29,73,3936,3209,OFF
2026-06-11 21:17:29.767596,25,67,2925,4011,OFF
2026-06-11 21:17:34.781079,23,68,2758,347,OFF
2026-06-11 21:17:39.814882,39,63,3191,3238,OFF
2026-06-11 21:17:44.904157,32,80,704,1905,ON
2026-06-11 21:17:49.934913,22,83,4006,3170,OFF
2026-06-11 21:17:54.961189,23,77,1349,957,ON
2026-06-11 21:17:59.995395,38,86,1958,3513,ON
2026-06-11 21:18:05.055120,35,49,563,642,ON
2026-06-11 21:18:10.091410,38,40,1738,1084,ON
2026-06-11 21:18:15.156319,22,85,3751,296,OFF
2026-06-11 21:18:20.190056,31,80,2101,3453,OFF
2026-06-11 21:18:25.223758,33,52,1052,1017,ON
2026-06-11 21:18:30.256414,30,47,2479,2039,OFF
2026-06-11 21:18:35.292786,36,89,2852,3031,OFF
2026-06-11 21:18:40.329310,36,59,388,1512,ON
2026-06-11 21:18:45.340358,33,80,1193,1201,ON
2026-06-11 21:18:50.366342,31,47,1664,72,ON
2026-06-11 21:18:55.396585,40,75,3322,2179,OFF
2026-06-11 21:19:00.432662,37,48,3754,3872,OFF
2026-06-11 21:19:05.452651,27,78,964,826,ON
2026-06-11 21:19:10.471905,28,73,2101,2525,OFF
2026-06-11 21:19:15.483415,22,44,169,201,ON
2026-06-11 21:19:20.530473,27,66,3848,1905,OFF
2026-06-11 21:19:25.571545,39,45,2439,2610,OFF
2026-06-11 21:19:30.611242,31,45,1727,1056,ON
2026-06-11 21:19:35.634381,27,83,1920,2735,ON
2026-06-11 21:19:40.684607,35,60,2989,2680,OFF
2026-06-11 21:19:45.794043,26,70,3594,137,OFF
2026-06-11 21:19:50.830340,23,77,1050,11,ON
2026-06-11 21:19:55.899608,35,49,3624,3920,OFF
2026-06-11 21:20:00.932575,36,84,2191,497,OFF
2026-06-11 21:20:05.995091,37,59,1488,508,ON
2026-06-11 21:20:11.046706,37,60,2415,2150,OFF
2026-06-11 21:20:16.086489,32,90,329,3154,ON
2026-06-11 21:20:21.121793,22,76,242,474,ON
2026-06-11 21:20:26.175978,35,74,347,694,ON
2026-06-11 21:20:31.216252,26,77,302,263,ON
2026-06-11 21:20:36.249822,33,78,3068,2954,OFF
2026-06-11 21:20:41.267728,35,58,1821,491,ON
2026-06-11 21:20:46.281684,37,78,3043,1098,OFF
2026-06-11 21:20:51.326550,30,42,3157,3061,OFF
2026-06-11 21:20:56.377690,34,40,1814,1047,ON
2026-06-11 21:21:01.392384,39,51,2442,2250,OFF
2026-06-11 21:21:06.426042,26,76,2313,2380,OFF
2026-06-11 21:21:11.515798,23,82,1369,2137,ON
2026-06-11 21:21:16.556488,35,68,2615,1737,OFF
2026-06-11 21:21:21.631903,32,47,2846,1582,OFF
2026-06-11 21:21:26.674299,23,85,3975,3485,OFF
2026-06-11 21:21:31.699093,22,62,3154,2857,OFF
2026-06-11 21:21:36.767198,36,41,762,461,ON
2026-06-11 21:21:41.804716,28,58,3056,215,OFF
2026-06-11 21:21:46.851880,34,68,715,999,ON
2026-06-11 21:21:51.894019,33,83,516,2988,ON
2026-06-11 21:21:56.981106,28,59,2261,621,OFF
2026-06-11 21:22:02.022061,22,69,1683,3578,ON
2026-06-11 21:22:07.054380,30,42,2995,684,OFF
2026-06-11 21:22:12.083248,31,87,3817,2540,OFF
2026-06-11 21:22:17.146737,40,86,3891,1697,OFF
2026-06-11 21:22:22.254304,32,61,2066,2492,OFF
2026-06-11 21:22:27.553854,37,89,3123,3,OFF
2026-06-11 21:22:32.624557,27,51,2856,2337,OFF
2026-06-11 21:22:37.642057,22,79,729,3102,ON
2026-06-11 21:22:42.665242,29,89,4069,1562,OFF
2026-06-11 21:22:47.709057,39,73,673,120,ON
2026-06-11 21:22:52.733906,40,89,550,2347,ON
2026-06-11 21:22:57.803152,23,71,1971,504,ON
2026-06-11 21:23:02.852829,35,81,356,1758,ON
2026-06-11 21:23:07.942043,39,53,1055,3319,ON
2026-06-11 21:23:12.986225,35,81,653,2193,ON
2026-06-11 21:23:18.046180,33,74,3783,339,OFF
2026-06-11 21:23:23.075867,38,47,501,3106,ON
2026-06-11 21:23:28.095675,35,81,3030,2217,OFF
2026-06-11 21:23:33.125112,30,49,1236,871,ON
2026-06-11 21:23:38.151058,32,83,955,1642,ON
2026-06-11 21:23:43.208258,37,69,126,3290,ON
2026-06-11 21:23:48.241798,40,50,3383,3414,OFF
2026-06-11 21:23:53.266955,37,57,3313,848,OFF
2026-06-11 21:23:58.300875,24,48,1944,1936,ON
2026-06-11 21:24:03.344312,25,68,785,3062,ON
2026-06-11 21:24:08.589173,36,88,3702,2962,OFF
2026-06-11 21:24:13.601468,34,41,1180,2357,ON
2026-06-11 21:24:18.680701,23,68,2193,3295,OFF
2026-06-11 21:24:23.732258,34,55,2425,1800,OFF
2026-06-11 21:24:28.764944,30,46,1983,180,ON
2026-06-11 21:24:33.787492,33,50,1479,3306,ON
2026-06-11 21:24:38.812747,39,57,3060,2729,OFF
2026-06-11 21:24:43.890621,36,54,1934,643,ON
2026-06-11 21:24:48.901207,29,63,3760,3045,OFF
2026-06-11 21:24:53.935041,29,76,1851,2527,ON
2026-06-11 21:24:58.952422,24,66,3874,1379,OFF
2026-06-11 21:25:03.977535,40,40,1025,1759,ON
2026-06-11 21:25:08.989939,39,78,253,1783,ON
2026-06-11 21:25:14.006566,30,61,3184,2192,OFF
2026-06-11 21:25:19.017480,29,72,2843,3774,OFF
2026-06-11 21:25:24.041501,38,42,622,2759,ON
2026-06-11 21:25:29.056615,38,87,571,272,ON
2026-06-11 21:25:34.067553,30,89,2387,2131,OFF
2026-06-11 21:25:39.117089,22,60,1341,3374,ON
2026-06-11 21:25:44.157340,37,59,910,2542,ON
2026-06-11 21:25:49.177986,37,63,3624,1941,OFF
2026-06-11 21:25:54.203526,26,71,2865,2192,OFF
2026-06-11 21:25:59.226995,30,67,3218,2395,OFF
2026-06-11 21:26:04.262516,30,77,1848,3545,ON
2026-06-11 21:26:09.300907,30,61,2565,3699,OFF
2026-06-11 21:26:14.331005,37,74,207,939,ON
2026-06-11 21:26:19.387251,31,53,1400,1405,ON
2026-06-11 21:26:24.420686,39,76,3501,1803,OFF
2026-06-11 21:26:29.454562,40,78,3800,4009,OFF
2026-06-11 21:26:34.492401,40,74,3893,2579,OFF
2026-06-11 21:26:39.526089,35,71,47,747,ON
2026-06-11 21:26:44.574079,40,60,2185,927,OFF
2026-06-11 21:26:49.596226,34,85,2018,107,OFF
2026-06-11 21:26:54.637894,40,90,2346,2568,OFF
2026-06-11 21:26:59.745793,37,61,3577,36,OFF
2026-06-11 21:27:04.777022,34,60,2861,1107,OFF
2026-06-11 21:27:09.804653,35,43,199,444,ON
2026-06-11 21:27:14.820417,28,58,202,3631,ON
2026-06-11 21:27:19.844818,28,54,342,567,ON
2026-06-11 21:27:24.886485,27,52,3754,2927,OFF
2026-06-11 21:27:29.915842,30,50,2001,1543,OFF
2026-06-11 21:27:34.980595,30,64,3430,2098,OFF
2026-06-11 21:27:40.165541,36,59,645,654,ON
2026-06-11 21:27:45.204444,35,43,852,3482,ON
2026-06-11 21:27:50.255559,38,45,1500,551,ON
2026-06-11 21:27:55.299541,26,65,2593,2818,OFF
2026-06-11 21:28:00.343561,29,85,4016,3470,OFF
2026-06-11 21:28:05.437158,23,67,1801,3578,ON
2026-06-11 21:28:10.473593,27,67,2446,3391,OFF
2026-06-11 21:28:15.489094,40,47,3322,1622,OFF
2026-06-11 21:28:20.549461,28,59,3211,2876,OFF
2026-06-11 21:28:25.594809,32,49,656,2167,ON
2026-06-11 21:28:30.744498,36,90,6,2184,ON
2026-06-11 21:28:35.816838,37,60,1923,2956,ON
2026-06-11 21:28:40.856639,23,55,3874,136,OFF
2026-06-11 21:28:45.875491,35,88,3040,2250,OFF
2026-06-11 21:28:50.923658,26,66,2252,2553,OFF
2026-06-11 21:28:55.978214,30,78,2463,1992,OFF
2026-06-11 21:29:01.036304,30,50,3938,2774,OFF
2026-06-11 21:29:06.050730,40,50,2736,3321,OFF
2026-06-11 21:29:11.083329,39,61,3400,437,OFF
2026-06-11 21:29:16.161033,38,81,2470,3086,OFF
2026-06-11 21:29:21.198820,40,84,2947,1609,OFF
2026-06-11 21:29:26.305217,36,57,1709,982,ON
2026-06-11 21:29:31.352571,25,55,3366,3892,OFF
2026-06-11 21:29:36.378238,37,47,325,1641,ON
2026-06-11 21:29:41.445828,40,42,3617,3474,OFF
2026-06-11 21:29:46.527101,39,49,3582,3773,OFF
2026-06-11 21:29:51.607831,27,62,751,610,ON
2026-06-11 21:29:56.714319,33,75,1971,404,ON
2026-06-11 21:30:01.739394,40,68,2971,414,OFF
2026-06-11 21:30:06.781189,38,55,2546,3044,OFF
2026-06-11 21:30:11.793599,35,65,2121,2439,OFF
2026-06-11 21:30:16.843273,29,68,3533,520,OFF
2026-06-11 21:30:21.906975,30,63,5,2251,ON
2026-06-11 21:30:27.174357,32,59,695,3278,ON
2026-06-11 21:30:32.222007,35,76,139,209,ON
2026-06-11 21:30:37.246264,27,40,1623,1900,ON
2026-06-11 21:30:42.264419,24,83,3252,2445,OFF
2026-06-11 21:30:47.316571,27,63,3631,505,OFF
2026-06-11 21:30:52.355541,22,74,293,1927,ON
2026-06-11 21:30:57.373673,31,75,2162,939,OFF
2026-06-11 21:31:02.411950,33,87,212,2952,ON
2026-06-11 21:31:07.464750,33,84,949,1585,ON
2026-06-11 21:31:12.545080,36,77,2074,3873,OFF
2026-06-11 21:31:17.566525,25,52,3030,1877,OFF
2026-06-11 21:31:22.625672,40,41,3675,591,OFF
2026-06-11 21:31:27.686487,30,63,2709,65,OFF
2026-06-11 21:31:32.707819,28,78,1821,672,ON
2026-06-11 21:31:37.730707,39,58,1688,3605,ON
2026-06-11 21:31:42.770309,34,76,3537,3072,OFF
2026-06-11 21:31:47.858819,39,48,1873,2475,ON
2026-06-11 21:31:52.895504,36,58,4029,967,OFF
2026-06-11 21:31:57.924625,34,62,1059,3184,ON
2026-06-11 21:32:02.959679,25,51,1132,3660,ON
2026-06-11 21:32:08.021700,30,46,1083,2540,ON
2026-06-11 21:32:13.046747,34,90,2828,2027,OFF
2026-06-11 21:32:18.070482,40,59,2819,2268,OFF
2026-06-11 21:32:23.107493,27,76,1907,388,ON
2026-06-11 21:32:28.151117,33,56,181,429,ON
2026-06-11 21:32:33.200179,39,61,731,1791,ON
2026-06-11 21:32:38.234182,30,71,3872,885,OFF
2026-06-11 21:32:43.259940,32,57,2099,1613,OFF
2026-06-11 21:32:48.304531,39,60,2247,2393,OFF
2026-06-11 21:32:53.349878,25,58,771,1510,ON
2026-06-11 21:32:58.389201,39,81,4001,3530,OFF
2026-06-11 21:33:03.427107,40,51,2128,1918,OFF
2026-06-11 21:33:08.543656,37,55,896,3293,ON
2026-06-11 21:33:13.591205,27,50,1320,614,ON
2026-06-11 21:33:18.661137,29,75,1199,836,ON
2026-06-11 21:33:23.702383,22,83,3041,4030,OFF
2026-06-11 21:33:28.742315,34,71,2860,903,OFF
2026-06-11 21:33:33.767263,22,90,3238,408,OFF
2026-06-11 21:33:38.812136,40,61,283,3243,ON
2026-06-11 21:33:43.832811,24,57,3330,1913,OFF
2026-06-11 21:33:48.924893,26,51,2314,995,OFF
2026-06-11 21:33:54.002947,25,43,2532,1238,OFF
2026-06-11 21:33:59.019153,35,70,3820,3132,OFF
2026-06-11 21:34:04.059912,29,65,564,1061,ON
2026-06-11 21:34:09.164227,23,43,3658,3995,OFF
2026-06-11 21:34:14.201068,26,45,1915,16,ON
2026-06-11 21:34:19.239285,37,47,1351,518,ON
2026-06-11 21:34:24.272777,38,63,908,2268,ON
2026-06-11 21:34:29.341443,27,75,3386,289,OFF
2026-06-11 21:34:34.416237,32,75,2920,1930,OFF
2026-06-11 21:34:39.497670,32,65,1820,2919,ON
2026-06-11 21:34:44.508557,38,53,1753,1411,ON
2026-06-11 21:34:49.525859,33,53,3922,2981,OFF
2026-06-11 21:34:54.557392,30,57,1166,982,ON
2026-06-11 21:34:59.576443,22,86,1754,2145,ON
2026-06-11 21:35:04.591483,25,65,1947,508,ON
2026-06-11 21:35:09.608381,28,81,3563,171,OFF
2026-06-11 21:35:14.657865,36,67,1625,1619,ON
2026-06-11 21:35:19.685231,32,58,2443,4084,OFF
2026-06-11 21:35:24.699215,32,54,2564,3795,OFF
2026-06-11 21:35:29.714717,23,43,2641,1426,OFF
2026-06-11 21:35:34.731769,27,46,251,36,ON
2026-06-11 21:35:39.755930,39,63,1534,1234,ON
2026-06-11 21:35:44.772675,40,67,725,1381,ON
2026-06-11 21:35:49.799620,36,49,3717,1615,OFF
2026-06-11 21:35:54.918859,22,77,684,3795,ON
2026-06-11 21:35:59.933983,33,85,1051,290,ON
2026-06-11 21:36:04.952096,24,82,3797,3013,OFF
2026-06-11 21:36:09.970420,23,51,1606,1671,ON
2026-06-11 21:36:15.009000,36,59,84,2993,ON
2026-06-11 21:36:20.019784,40,70,2323,1965,OFF
2026-06-11 21:36:25.034362,31,56,3911,1380,OFF
2026-06-11 21:36:30.058618,35,77,3047,190,OFF
2026-06-11 21:36:35.091165,39,69,3822,1332,OFF
2026-06-11 21:36:40.112606,23,46,3748,1265,OFF
2026-06-11 21:36:45.135876,34,76,3468,1679,OFF
2026-06-11 21:36:50.177809,22,61,1760,757,ON
2026-06-11 21:36:55.226872,30,63,2761,1932,OFF
2026-06-11 21:37:00.244249,31,53,1411,1138,ON
2026-06-11 21:37:05.270557,28,52,3995,1279,OFF
2026-06-11 21:37:10.296344,40,42,1901,1719,ON
2026-06-11 21:37:15.308233,33,42,229,1723,ON
2026-06-11 21:37:20.321609,27,48,3328,2503,OFF
2026-06-11 21:37:25.337155,37,90,2201,559,OFF
2026-06-11 21:37:30.393888,36,68,3676,1589,OFF
2026-06-11 21:37:35.409759,39,59,50,706,ON
2026-06-11 21:37:40.441217,25,62,1363,1674,ON
2026-06-11 21:37:45.478410,29,77,878,1179,ON
2026-06-11 21:37:50.519118,32,89,545,2989,ON
2026-06-11 21:37:55.533107,23,76,1097,75,ON
2026-06-11 21:38:00.570314,25,49,2615,2273,OFF
2026-06-11 21:38:05.596574,31,72,857,3102,ON
2026-06-11 21:38:10.628909,25,70,2903,3299,OFF
2026-06-11 21:38:15.663933,32,81,2318,3736,OFF
2026-06-11 21:38:20.715781,33,90,2604,443,OFF
2026-06-11 21:38:25.742827,36,69,3273,3995,OFF
2026-06-11 21:38:30.764854,26,63,3772,511,OFF
2026-06-11 21:38:35.799068,28,79,3947,3736,OFF
2026-06-11 21:38:40.833696,35,47,2901,2205,OFF
2026-06-11 21:38:45.867890,27,50,2029,2451,OFF
2026-06-11 21:38:50.897861,31,82,2289,3586,OFF
2026-06-11 21:38:55.934776,22,68,1764,864,ON
2026-06-11 21:39:00.946551,27,40,3585,3174,OFF
2026-06-11 21:39:05.979295,23,42,3825,3281,OFF
2026-06-11 21:39:11.006477,28,79,3431,1769,OFF
2026-06-11 21:39:16.067256,25,46,1449,2387,ON
2026-06-11 21:39:21.080843,34,66,1959,3011,ON
2026-06-11 21:39:26.094376,29,51,391,3029,ON
2026-06-11 21:39:31.114814,36,66,2088,3820,OFF
2026-06-11 21:39:36.161617,39,52,2103,3032,OFF
2026-06-11 21:39:41.204982,28,76,3511,3855,OFF
2026-06-11 21:39:46.242229,32,80,1072,1777,ON
2026-06-11 21:39:51.272166,25,83,309,4085,ON
2026-06-11 21:39:56.283192,27,70,1033,2305,ON
2026-06-11 21:40:01.319269,35,88,3990,432,OFF
2026-06-11 21:40:06.339636,29,58,3036,3381,OFF
2026-06-11 21:40:11.363855,35,49,2973,2182,OFF
2026-06-11 21:40:16.398784,39,82,1974,3707,ON
2026-06-11 21:40:21.448199,27,74,2033,2361,OFF
2026-06-11 21:40:26.462488,26,47,3921,3026,OFF
2026-06-11 21:40:31.488081,22,43,687,4084,ON
2026-06-11 21:40:36.541899,32,89,149,293,ON
2026-06-11 21:40:41.562593,29,87,3021,143,OFF
2026-06-11 21:40:46.625440,40,79,3702,1943,OFF
2026-06-11 21:40:51.659342,25,55,3631,852,OFF
2026-06-11 21:40:56.683671,23,51,2111,3610,OFF
2026-06-11 21:41:01.703294,38,65,1482,1876,ON
2026-06-11 21:41:06.759380,33,79,2478,2923,OFF
2026-06-11 21:41:11.772310,22,61,1469,2543,ON
2026-06-11 21:41:16.793006,23,55,1112,424,ON
2026-06-11 21:41:21.804483,32,71,661,2453,ON
2026-06-11 21:41:26.834178,22,74,1500,2499,ON
2026-06-11 21:41:31.861061,33,54,1974,3717,ON
2026-06-11 21:41:36.911181,29,60,3295,1356,OFF
2026-06-11 21:41:41.948440,26,78,331,2812,ON
2026-06-11 21:41:46.982171,38,66,100,1734,ON
2026-06-11 21:41:52.035263,24,40,3015,3421,OFF
2026-06-11 21:41:57.067946,29,51,3047,3081,OFF
2026-06-11 21:42:02.119489,24,69,2697,1205,OFF
2026-06-11 21:42:07.183920,25,82,3691,1253,OFF
2026-06-11 21:42:12.195095,29,61,1667,307,ON
2026-06-11 21:42:17.224378,22,87,2595,2002,OFF
2026-06-11 21:42:22.279574,31,44,1122,56,ON
2026-06-11 21:42:27.298645,36,74,466,3465,ON
2026-06-11 21:42:32.325687,25,66,2958,3824,OFF
2026-06-11 21:42:37.345130,23,45,434,710,ON
2026-06-11 21:42:42.357005,26,65,3517,1147,OFF
2026-06-11 21:42:47.372614,29,78,806,2758,ON
2026-06-11 21:42:52.396862,40,63,1937,3569,ON
2026-06-11 21:42:57.407703,34,85,443,3141,ON
2026-06-11 21:43:02.422211,33,48,1012,1969,ON
2026-06-11 21:43:07.468791,36,78,3573,3500,OFF
2026-06-11 21:43:12.490588,40,73,3843,1942,OFF
2026-06-11 21:43:17.507466,38,88,194,3817,ON
2026-06-11 21:43:22.550819,32,59,1221,3674,ON
2026-06-11 21:43:27.565245,33,43,3896,3119,OFF
2026-06-11 21:43:32.596178,28,65,3318,3310,OFF
2026-06-11 21:43:37.626991,28,43,1204,1535,ON
2026-06-11 21:43:42.648845,28,68,1679,995,ON
2026-06-11 21:43:47.663356,36,73,560,1698,ON
2026-06-11 21:43:52.693425,27,64,2836,167,OFF
2026-06-11 21:43:57.711536,35,87,2710,2153,OFF
2026-06-11 21:44:02.744131,36,52,117,623,ON
2026-06-11 21:44:07.764695,25,60,3103,215,OFF
2026-06-11 21:44:12.778542,37,80,1102,2240,ON
2026-06-11 21:44:17.794651,34,66,2873,2660,OFF
2026-06-11 21:44:22.812914,33,40,1260,1701,ON
2026-06-11 21:44:27.893120,25,79,3311,2130,OFF
2026-06-11 21:44:32.911993,38,53,3216,4065,OFF
2026-06-11 21:44:37.944218,37,62,886,2058,ON
2026-06-11 21:44:42.970233,37,44,422,290,ON
2026-06-11 21:44:48.009242,37,57,4091,1717,OFF
2026-06-11 21:44:53.062465,28,41,2812,1068,OFF
2026-06-11 21:44:58.122983,34,42,322,2297,ON
2026-06-11 21:45:03.175699,22,50,313,3205,ON
2026-06-11 21:45:08.208320,26,53,3702,3089,OFF
2026-06-11 21:45:13.249311,22,60,3351,2622,OFF
2026-06-11 21:45:18.270906,23,72,2243,3740,OFF
2026-06-11 21:45:23.297661,37,77,3290,1411,OFF
2026-06-11 21:45:28.353330,32,49,518,1479,ON
2026-06-11 21:45:33.377251,37,55,1532,904,ON
2026-06-11 21:45:38.434988,30,81,599,705,ON
2026-06-11 21:45:43.450884,37,55,2161,3085,OFF
2026-06-11 21:45:48.485202,34,46,2276,3666,OFF
2026-06-11 21:45:53.562702,33,70,1987,2235,ON
2026-06-11 21:45:58.589591,26,40,3672,394,OFF
2026-06-11 21:46:03.609479,29,71,51,3370,ON
2026-06-11 21:46:08.629564,37,63,2648,3260,OFF
2026-06-11 21:46:13.656014,33,44,168,2590,ON
2026-06-11 21:46:18.686238,38,77,2216,3303,OFF
2026-06-11 21:46:23.742453,38,53,2037,497,OFF
2026-06-11 21:46:28.764032,39,78,3433,1100,OFF
2026-06-11 21:46:33.809946,34,52,3475,787,OFF
2026-06-11 21:46:38.877349,32,70,1557,3455,ON
2026-06-11 21:46:43.949680,37,78,2140,829,OFF
2026-06-11 21:46:48.981361,39,40,3346,141,OFF
2026-06-11 21:46:54.041484,30,89,3086,4093,OFF
2026-06-11 21:46:59.128770,30,80,775,161,ON
2026-06-11 21:47:04.153841,34,40,2457,2,OFF
2026-06-11 21:47:09.181984,36,82,1394,3017,ON
2026-06-11 21:47:14.247053,23,74,3584,1318,OFF
2026-06-11 21:47:19.261004,26,74,1685,2080,ON
2026-06-11 21:47:24.299939,30,45,1199,1863,ON
2026-06-11 21:47:29.335680,36,80,561,1049,ON
2026-06-11 21:47:34.368918,40,50,2022,3845,OFF
2026-06-11 21:47:39.398206,39,86,3266,255,OFF
2026-06-11 21:47:44.475452,32,78,3494,914,OFF
2026-06-11 21:47:49.522971,37,80,493,3922,ON
2026-06-11 21:47:54.577905,38,41,446,4062,ON
2026-06-11 21:47:59.608653,30,90,655,3508,ON
2026-06-11 21:48:04.650891,37,82,1597,1322,ON
2026-06-11 21:48:09.682309,23,63,3675,14,OFF
2026-06-11 21:48:14.751623,25,60,3506,615,OFF
2026-06-11 21:48:19.777384,37,50,3881,1090,OFF
2026-06-11 21:48:24.803041,23,44,647,996,ON
2026-06-11 21:48:29.829007,26,61,2860,2410,OFF
2026-06-11 21:48:34.843196,26,83,2366,423,OFF
2026-06-11 21:48:39.877121,24,71,1974,3322,ON
2026-06-11 21:48:44.907689,22,62,658,3752,ON
2026-06-11 21:48:49.948210,36,81,2407,2083,OFF
2026-06-11 21:48:54.970484,22,62,322,387,ON
2026-06-11 21:48:59.985763,26,82,1390,3202,ON
2026-06-11 21:49:05.009858,38,82,4024,1133,OFF
2026-06-11 21:49:10.066100,32,56,3773,1907,OFF
2026-06-11 21:49:15.086136,35,66,547,1233,ON
2026-06-11 21:49:20.108235,26,74,2649,2023,OFF
2026-06-11 21:49:25.128633,37,42,3375,2061,OFF
2026-06-11 21:49:30.153031,30,55,993,1720,ON
2026-06-11 21:49:35.170401,25,69,2256,224,OFF
2026-06-11 21:49:40.229694,36,40,592,1901,ON
2026-06-11 21:49:45.251006,22,73,2323,609,OFF
2026-06-11 21:49:50.264412,39,59,3530,198,OFF
2026-06-11 21:49:55.324987,26,72,249,1156,ON
2026-06-11 21:50:00.344916,32,79,3425,807,OFF
2026-06-11 21:50:05.406359,33,46,1661,2141,ON
2026-06-11 21:50:10.438558,24,57,3695,1451,OFF
2026-06-11 21:50:15.465396,26,84,2527,1339,OFF
2026-06-11 21:50:20.488925,24,60,793,974,ON
2026-06-11 21:50:25.524171,33,79,221,58,ON
2026-06-11 21:50:30.546285,39,58,643,1865,ON
2026-06-11 21:50:35.571900,31,45,3087,1073,OFF
2026-06-11 21:50:40.625854,31,63,2345,4082,OFF
2026-06-11 21:50:45.674407,30,72,2352,1387,OFF
2026-06-11 21:50:50.699934,37,42,1223,2519,ON
2026-06-11 21:50:55.777943,22,75,2222,2824,OFF
2026-06-11 21:51:00.825139,32,78,2907,2324,OFF
2026-06-11 21:51:05.960211,24,61,3250,2126,OFF
2026-06-11 21:51:11.005199,37,78,1410,2457,ON
2026-06-11 21:51:16.045154,26,75,519,229,ON
2026-06-11 21:51:21.083319,40,65,3557,3699,OFF
2026-06-11 21:51:26.132472,26,42,2526,1210,OFF
2026-06-11 21:51:31.170014,30,77,2835,3957,OFF
2026-06-11 21:51:36.218462,28,72,1477,3358,ON
2026-06-11 21:51:41.262335,22,57,1194,668,ON
2026-06-11 21:51:46.337105,34,65,1863,1964,ON
2026-06-11 21:51:51.366721,40,56,854,2271,ON
2026-06-11 21:51:56.398937,36,64,1141,793,ON
2026-06-11 21:52:01.433695,35,54,125,2163,ON
2026-06-11 21:52:06.494722,25,76,1007,954,ON
2026-06-11 21:52:11.516937,40,86,1613,1601,ON
2026-06-11 21:52:16.586963,26,86,2306,899,OFF
2026-06-11 21:52:21.604566,30,73,1960,2430,ON
2026-06-11 21:52:26.630879,27,86,1577,2125,ON
2026-06-11 21:52:31.650345,40,81,2141,2137,OFF
2026-06-11 21:52:36.680725,37,49,3154,1400,OFF
2026-06-11 21:52:41.739321,36,69,711,3087,ON
2026-06-11 21:52:46.761491,36,83,2090,3828,OFF
2026-06-11 21:52:51.781909,29,82,1011,1148,ON
2026-06-11 21:52:56.819471,26,85,1449,985,ON
2026-06-11 21:53:01.862644,38,49,1286,174,ON
2026-06-11 21:53:06.880099,24,74,2778,1728,OFF
2026-06-11 21:53:11.920384,30,88,3917,2640,OFF
2026-06-11 21:53:16.945263,22,45,1917,3819,ON
2026-06-11 21:53:21.966339,26,53,1900,1352,ON
2026-06-11 21:53:26.984388,39,43,3746,3191,OFF
2026-06-11 21:53:32.014565,40,52,1393,1208,ON
2026-06-11 21:53:37.036207,22,52,3728,2177,OFF
2026-06-11 21:53:42.059922,36,89,2946,2804,OFF
2026-06-11 21:53:47.082737,33,68,2874,2728,OFF
2026-06-11 21:53:52.135208,38,55,3379,2489,OFF
2026-06-11 21:53:57.160605,33,57,1511,3657,ON
2026-06-11 21:54:02.184101,36,71,1073,2282,ON
2026-06-11 21:54:07.216181,33,65,3942,536,OFF
2026-06-11 21:54:12.236169,40,65,1224,3611,ON
2026-06-11 21:54:17.257159,26,75,2702,2623,OFF
2026-06-11 21:54:22.284048,22,61,3152,747,OFF
2026-06-11 21:54:27.319416,22,71,573,3704,ON
2026-06-11 21:54:32.372712,27,72,2107,4050,OFF
2026-06-11 21:54:37.419683,32,54,2885,3040,OFF
2026-06-11 21:54:42.444357,24,49,3110,3363,OFF
2026-06-11 21:54:47.493956,33,76,1939,1513,ON
2026-06-11 21:54:52.593446,34,59,78,1151,ON
2026-06-11 21:54:57.629785,38,71,2017,913,OFF
2026-06-11 21:55:02.677242,26,78,1021,3331,ON
2026-06-11 21:55:07.715609,27,71,474,3911,ON
2026-06-11 21:55:12.796101,40,84,594,1698,ON
2026-06-11 21:55:17.836578,40,87,1703,1095,ON
2026-06-11 21:55:22.877527,40,52,100,2335,ON
2026-06-11 21:55:27.895866,30,44,2538,987,OFF
2026-06-11 21:55:32.919493,22,87,237,409,ON
2026-06-11 21:55:37.948081,36,71,2306,2782,OFF
2026-06-11 21:55:43.003056,28,66,3111,895,OFF
2026-06-11 21:55:48.066919,31,80,3757,3146,OFF
2026-06-11 21:55:53.097272,25,43,92,462,ON
2026-06-11 21:55:58.111013,33,54,3475,3768,OFF
2026-06-11 21:56:03.146961,32,84,463,3379,ON
2026-06-11 21:56:08.177158,37,74,3664,222,OFF
2026-06-11 21:56:13.202677,33,49,3477,3079,OFF
2026-06-11 21:56:18.221932,29,51,2841,2217,OFF
2026-06-11 21:56:23.255659,33,53,1577,2456,ON
2026-06-11 21:56:28.282691,24,41,1987,3873,ON
2026-06-11 21:56:33.295432,32,76,710,4062,ON
2026-06-11 21:56:38.314661,31,87,1992,3975,ON
2026-06-11 21:56:43.326816,40,46,3757,2410,OFF
2026-06-11 21:56:48.341017,32,49,37,229,ON
2026-06-11 21:56:53.360327,32,53,3029,331,OFF
2026-06-11 21:56:58.372650,37,50,1371,3544,ON
2026-06-11 21:57:03.385233,31,73,3104,2635,OFF
2026-06-11 21:57:08.398151,36,72,808,2018,ON
2026-06-11 21:57:13.412140,32,88,2945,3249,OFF
2026-06-11 21:57:18.425324,24,71,3375,1575,OFF
2026-06-11 21:57:23.450865,36,46,3148,1767,OFF
2026-06-11 21:57:28.463093,38,45,3298,1849,OFF
2026-06-11 21:57:33.482882,27,87,2073,575,OFF
2026-06-11 21:57:38.505417,22,68,3199,3497,OFF
2026-06-11 21:57:43.540298,32,62,941,2341,ON
2026-06-11 21:57:48.566172,35,81,703,3804,ON
2026-06-11 21:57:53.579968,25,51,2701,774,OFF
2026-06-11 21:57:58.623311,30,41,3418,1643,OFF
2026-06-11 21:58:03.663912,23,48,2852,2814,OFF
2026-06-11 21:58:08.699870,35,86,1245,1642,ON
2026-06-11 21:58:13.718310,26,42,1111,1933,ON
2026-06-11 21:58:18.736525,40,56,104,2713,ON
2026-06-11 21:58:23.786084,31,42,3010,3480,OFF
2026-06-11 21:58:28.831314,40,64,2987,651,OFF
2026-06-11 21:58:33.851854,37,63,1900,1601,ON
2026-06-11 21:58:38.870786,27,49,4010,2347,OFF
2026-06-11 21:58:43.900496,26,90,965,97,ON
2026-06-11 21:58:48.930877,24,47,1838,2132,ON
2026-06-11 21:58:53.953880,40,60,585,2922,ON
2026-06-11 21:58:58.981369,24,64,3109,101,OFF
2026-06-11 21:59:04.005405,31,59,2097,2233,OFF
2026-06-11 21:59:09.020803,25,68,3415,729,OFF
2026-06-11 21:59:14.048504,30,50,623,222,ON
2026-06-11 21:59:19.063763,30,90,2974,196,OFF
2026-06-11 21:59:24.088031,22,54,2614,860,OFF
2026-06-11 21:59:29.181692,22,41,3835,3541,OFF
2026-06-11 21:59:34.227012,40,57,3881,2893,OFF
2026-06-11 21:59:39.245000,32,77,1438,2344,ON
2026-06-11 21:59:44.262307,22,71,941,2055,ON
2026-06-11 21:59:49.280644,22,62,3165,1354,OFF
2026-06-11 21:59:54.316773,36,55,3198,245,OFF
2026-06-11 21:59:59.328466,38,67,1119,3917,ON
2026-06-11 22:00:04.351268,33,74,42,628,ON
2026-06-11 22:00:09.379705,29,54,851,867,ON
2026-06-11 22:00:14.494793,38,73,3036,851,OFF
2026-06-11 22:00:19.517963,26,64,2431,3420,OFF
2026-06-11 22:00:24.625466,40,83,3845,1383,OFF
2026-06-11 22:00:29.748217,34,60,2651,1718,OFF
2026-06-11 22:00:34.766085,23,64,700,1299,ON
2026-06-11 22:00:39.785451,37,59,2452,3176,OFF
2026-06-11 22:00:44.839484,39,82,1388,2510,ON
2026-06-11 22:00:49.863813,31,87,1449,1840,ON
2026-06-11 22:00:54.897159,33,49,144,1092,ON
2026-06-11 22:00:59.925351,39,82,123,730,ON
2026-06-11 22:01:04.948091,27,81,1790,3834,ON
2026-06-11 22:01:09.999768,36,59,704,1630,ON
2026-06-11 22:01:15.058244,34,87,3077,2154,OFF
2026-06-11 22:01:20.108936,38,67,2710,3789,OFF
2026-06-11 22:01:25.143922,38,42,2072,533,OFF
2026-06-11 22:01:30.201572,33,53,3504,95,OFF
2026-06-11 22:01:35.250650,26,71,3226,1584,OFF
2026-06-11 22:01:40.273280,33,49,2208,2143,OFF
2026-06-11 22:01:45.325147,30,44,3151,3515,OFF
2026-06-11 22:01:50.396839,35,82,1177,1735,ON
2026-06-11 22:01:55.448005,37,77,499,3689,ON
2026-06-11 22:02:00.461322,37,76,423,2562,ON
2026-06-11 22:02:05.519644,28,73,954,1925,ON
2026-06-11 22:02:10.589174,37,84,3491,1972,OFF
2026-06-11 22:02:15.650457,36,58,2802,2297,OFF
2026-06-11 22:02:20.706458,37,73,3502,154,OFF
2026-06-11 22:02:25.763429,29,57,2950,3351,OFF
2026-06-11 22:02:30.785959,26,85,2879,1370,OFF
2026-06-11 22:02:35.848394,40,77,1400,1874,ON
2026-06-11 22:02:40.869155,35,77,3610,834,OFF
2026-06-11 22:02:45.924719,40,86,3354,857,OFF
2026-06-11 22:02:50.943423,23,66,3140,3819,OFF
2026-06-11 22:02:55.995449,27,41,3749,39,OFF
2026-06-11 22:03:01.049932,28,63,1428,1099,ON
2026-06-11 22:03:06.067578,35,52,1294,356,ON
2026-06-11 22:03:11.084218,26,78,3138,1194,OFF
2026-06-11 22:03:16.140353,34,77,2977,3709,OFF
2026-06-11 22:03:21.164296,37,66,3921,1690,OFF
2026-06-11 22:03:26.176004,27,46,819,195,ON
2026-06-11 22:03:31.220831,31,88,3009,1343,OFF
2026-06-11 22:03:36.252061,23,89,3100,262,OFF
2026-06-11 22:03:41.284839,35,53,2644,2174,OFF
2026-06-11 22:03:46.301671,24,44,2850,2613,OFF
2026-06-11 22:03:51.322358,26,87,2628,198,OFF
2026-06-11 22:03:56.338491,26,77,3528,2046,OFF
2026-06-11 22:04:01.392555,38,42,3318,719,OFF
2026-06-11 22:04:06.411691,34,67,2935,2915,OFF
2026-06-11 22:04:11.422736,38,42,427,330,ON
2026-06-11 22:04:16.437691,23,80,2009,2253,OFF
2026-06-11 22:04:21.455522,26,73,3798,2008,OFF
2026-06-11 22:04:26.475941,23,86,831,1414,ON
2026-06-11 22:04:31.537842,26,45,1708,714,ON
2026-06-11 22:04:36.596597,23,78,1200,2552,ON
2026-06-11 22:04:41.616458,38,69,2325,2676,OFF
2026-06-11 22:04:46.663094,31,87,3279,3337,OFF
2026-06-11 22:04:51.685228,36,73,2860,965,OFF
2026-06-11 22:04:56.703545,30,88,2259,2995,OFF
2026-06-11 22:05:01.734126,34,62,2160,3797,OFF
2026-06-11 22:05:06.758345,35,76,2680,3926,OFF
2026-06-11 22:05:11.780131,35,45,488,2077,ON
2026-06-11 22:05:16.806216,39,90,291,2513,ON
2026-06-11 22:05:21.818949,30,58,2340,2518,OFF
2026-06-11 22:05:26.846917,35,64,1425,2270,ON
2026-06-11 22:05:31.869577,23,80,3903,2531,OFF
2026-06-11 22:05:36.902014,34,89,1969,1171,ON
2026-06-11 22:05:41.938635,36,75,723,1835,ON
2026-06-11 22:05:46.968894,32,76,377,3215,ON
2026-06-11 22:05:52.004441,29,56,833,684,ON
2026-06-11 22:05:57.115307,37,42,1512,2523,ON
2026-06-11 22:06:02.142808,34,81,1704,553,ON
2026-06-11 22:06:07.165205,38,76,775,2852,ON
2026-06-11 22:06:12.210116,33,79,2083,1108,OFF
2026-06-11 22:06:17.233043,31,79,2650,3893,OFF
2026-06-11 22:06:22.254536,23,90,396,4033,ON
2026-06-11 22:06:27.272742,32,46,217,1743,ON
2026-06-11 22:06:32.319310,22,67,445,2333,ON
2026-06-11 22:06:37.336107,39,87,751,786,ON
2026-06-11 22:06:42.371492,31,51,739,1086,ON
2026-06-11 22:06:47.390663,28,53,332,1434,ON
2026-06-11 22:06:52.424079,23,72,1919,1960,ON
2026-06-11 22:06:57.460312,24,73,2120,799,OFF
2026-06-11 22:07:02.493178,27,68,267,1730,ON
2026-06-11 22:07:07.517421,28,56,2128,535,OFF
2026-06-11 22:07:12.543135,34,49,1578,1719,ON
2026-06-11 22:07:17.576890,36,73,3414,2031,OFF
2026-06-11 22:07:22.610434,39,85,1172,26,ON
2026-06-11 22:07:27.635567,23,48,2412,2389,OFF
2026-06-11 22:07:32.657117,40,62,4012,3504,OFF
2026-06-11 22:07:37.693898,33,53,801,2018,ON
2026-06-11 22:07:42.726041,27,54,1909,3762,ON
2026-06-11 22:07:47.768651,33,72,2930,2446,OFF
2026-06-11 22:07:52.802121,24,81,3281,230,OFF
2026-06-11 22:07:57.814285,25,50,462,831,ON
2026-06-11 22:08:02.847633,32,75,3939,447,OFF
2026-06-11 22:08:07.874770,39,90,2121,2772,OFF
2026-06-11 22:08:12.924658,38,70,3711,3278,OFF
2026-06-11 22:08:17.942494,23,62,3342,3039,OFF
2026-06-11 22:08:22.989348,30,67,2520,2974,OFF
2026-06-11 22:08:28.009012,35,63,3855,562,OFF
2026-06-11 22:08:33.049304,30,75,113,278,ON
2026-06-11 22:08:38.078119,35,78,3164,2727,OFF
2026-06-11 22:08:43.090103,28,90,1887,1307,ON
2026-06-11 22:08:48.102774,29,88,3187,1764,OFF
2026-06-11 22:08:53.118175,31,79,2568,1530,OFF
2026-06-11 22:08:58.136121,40,54,1350,3946,ON
2026-06-11 22:09:03.149137,40,62,3164,2449,OFF
2026-06-11 22:09:08.174427,24,54,2703,3347,OFF
2026-06-11 22:09:13.193585,40,76,2755,3974,OFF
2026-06-11 22:09:18.241464,29,89,1347,2468,ON
2026-06-11 22:09:23.257826,40,71,2554,3351,OFF
2026-06-11 22:09:28.270473,22,79,3166,1341,OFF
2026-06-11 22:09:33.295732,29,72,3072,1876,OFF
2026-06-11 22:09:38.312022,24,52,772,459,ON
2026-06-11 22:09:43.356528,33,72,3307,3964,OFF
2026-06-11 22:09:48.379632,38,79,2689,520,OFF
2026-06-11 22:09:53.411195,27,65,1974,1725,ON
2026-06-11 22:09:58.435583,28,45,1090,2675,ON
2026-06-11 22:10:03.449908,30,52,1200,2344,ON
2026-06-11 22:10:08.476890,26,75,2148,3894,OFF
2026-06-11 22:10:13.516112,33,48,1480,1747,ON
2026-06-11 22:10:18.570014,36,69,2516,4020,OFF
2026-06-11 22:10:23.590418,22,80,114,2339,ON
2026-06-11 22:10:28.647548,22,51,1384,1369,ON
2026-06-11 22:10:33.662840,40,43,2275,891,OFF
2026-06-11 22:10:38.675259,39,49,2829,1172,OFF
2026-06-11 22:10:43.688198,31,73,1026,3595,ON
2026-06-11 22:10:48.703210,29,52,12,1583,ON
2026-06-11 22:10:53.715713,26,48,3483,1957,OFF
2026-06-11 22:10:58.734018,37,57,3860,4007,OFF
2026-06-11 22:11:03.755553,33,49,3988,2636,OFF
2026-06-11 22:11:08.779407,22,71,3902,832,OFF
2026-06-11 22:11:13.805472,39,88,698,4066,ON
2026-06-11 22:11:18.871014,31,61,1031,891,ON
2026-06-11 22:11:23.890084,30,76,3015,269,OFF
2026-06-11 22:11:28.905945,32,53,1187,1985,ON
2026-06-11 22:11:33.929761,26,76,2196,1135,OFF
2026-06-11 22:11:38.949176,26,50,3266,1995,OFF
2026-06-11 22:11:43.962685,35,85,2581,3783,OFF
2026-06-11 22:11:48.975421,22,77,2695,208,OFF
2026-06-11 22:11:53.999357,31,79,596,1190,ON
2026-06-11 22:11:59.039138,26,52,142,1802,ON
2026-06-11 22:12:04.072968,26,75,1242,3570,ON
2026-06-11 22:12:09.127342,40,87,3786,666,OFF
2026-06-11 22:12:14.272353,22,83,3970,0,OFF
2026-06-11 22:12:19.286986,22,81,211,2009,ON
2026-06-11 22:12:24.299749,27,43,3574,2242,OFF
2026-06-11 22:12:29.313233,29,79,4025,2472,OFF
2026-06-11 22:12:34.335161,24,50,3700,2351,OFF
2026-06-11 22:12:39.361971,35,56,3640,1931,OFF
2026-06-11 22:12:44.384543,22,58,1674,2759,ON
2026-06-11 22:12:49.406495,30,44,2963,1573,OFF
2026-06-11 22:12:54.420952,22,47,1149,1842,ON
2026-06-11 22:12:59.435904,30,81,3624,391,OFF
2026-06-11 22:13:04.459243,29,72,260,2494,ON
2026-06-11 22:13:09.519858,28,55,2300,2980,OFF
2026-06-11 22:13:14.579951,36,59,3357,3880,OFF
2026-06-11 22:13:19.621425,38,58,593,2424,ON
2026-06-11 22:13:24.660931,24,87,3031,3681,OFF
2026-06-11 22:13:29.674198,25,82,2102,2141,OFF
2026-06-11 22:13:34.711598,34,67,2356,2069,OFF
2026-06-11 22:13:39.782738,36,72,1651,1777,ON
2026-06-11 22:13:44.802872,33,49,3807,3360,OFF
2026-06-11 22:13:49.850026,29,48,3049,3581,OFF
2026-06-11 22:13:54.911825,39,77,1888,2181,ON
2026-06-11 22:13:59.943579,40,58,66,3728,ON
2026-06-11 22:14:04.997087,30,59,1768,203,ON
2026-06-11 22:14:10.060817,29,80,1043,1279,ON
2026-06-11 22:14:15.096807,35,73,2409,3336,OFF
2026-06-11 22:14:20.166745,24,83,1458,2060,ON
2026-06-11 22:14:25.206092,30,80,3572,116,OFF
2026-06-11 22:14:30.248504,38,74,322,3659,ON
2026-06-11 22:14:35.282644,29,80,754,1638,ON
2026-06-11 22:14:40.334095,27,76,241,2221,ON
2026-06-11 22:14:45.376407,39,58,3050,751,OFF
2026-06-11 22:14:50.397295,39,57,1125,3705,ON
2026-06-11 22:14:55.447487,33,76,3279,922,OFF
2026-06-11 22:15:00.483712,31,43,357,1442,ON
2026-06-11 22:15:05.513745,23,52,362,1682,ON
2026-06-11 22:15:10.585691,37,63,2215,2373,OFF
2026-06-11 22:15:15.619414,30,89,707,437,ON
2026-06-11 22:15:20.667042,32,71,2362,1649,OFF
2026-06-11 22:15:25.718241,38,59,2159,2445,OFF
2026-06-11 22:15:30.793075,26,49,2195,1303,OFF
2026-06-11 22:15:35.825826,40,83,2461,2056,OFF
2026-06-11 22:15:40.839289,37,65,4095,2490,OFF
2026-06-11 22:15:45.853860,38,89,2796,3817,OFF
2026-06-11 22:15:50.877828,39,48,3204,2540,OFF
2026-06-11 22:15:55.919732,34,80,3055,3668,OFF
2026-06-11 22:16:00.939545,30,58,4039,3405,OFF
2026-06-11 22:16:05.986942,32,56,2366,937,OFF
2026-06-11 22:16:11.040001,34,67,1629,3367,ON
2026-06-11 22:16:16.054589,30,84,634,1399,ON
2026-06-11 22:16:21.098098,36,73,717,3532,ON
2026-06-11 22:16:26.307496,26,41,37,90,ON
2026-06-11 22:16:31.337008,35,71,1812,3642,ON
2026-06-11 22:16:36.358666,38,76,3399,1406,OFF
2026-06-11 22:16:41.373902,34,75,1399,3392,ON
2026-06-11 22:16:46.388860,37,75,799,3410,ON
2026-06-11 22:16:51.415422,40,82,1783,1204,ON
2026-06-11 22:16:56.429437,39,73,3087,1227,OFF
2026-06-11 22:17:01.459967,30,52,2705,27,OFF
2026-06-11 22:17:06.482866,40,56,1933,2498,ON
2026-06-11 22:17:11.518035,29,72,388,2237,ON
2026-06-11 22:17:16.547490,22,66,2489,231,OFF
2026-06-11 22:17:21.603846,26,49,2441,4035,OFF
2026-06-11 22:17:26.639921,27,81,1854,2898,ON
2026-06-11 22:17:31.684637,23,70,1669,3412,ON
2026-06-11 22:17:36.701092,26,41,2745,904,OFF
2026-06-11 22:17:41.737618,31,70,3294,899,OFF
2026-06-11 22:17:46.752886,35,78,2947,1676,OFF
2026-06-11 22:17:51.773556,40,77,2993,2840,OFF
2026-06-11 22:17:56.807265,36,49,3183,810,OFF
2026-06-11 22:18:01.823436,22,90,2888,3593,OFF
2026-06-11 22:18:06.866704,39,71,1162,2969,ON
2026-06-11 22:18:11.881567,40,77,3987,3822,OFF
2026-06-11 22:18:16.894999,36,89,2153,1430,OFF
2026-06-11 22:18:21.944891,23,51,1709,2566,ON
2026-06-11 22:18:26.979460,29,59,1236,220,ON
2026-06-11 22:18:32.155485,23,84,3480,1104,OFF
2026-06-11 22:18:37.231157,24,82,3429,2395,OFF
2026-06-11 22:18:42.263654,35,64,3168,2692,OFF
2026-06-11 22:18:47.283441,29,77,511,56,ON
2026-06-11 22:18:52.305840,24,70,671,3518,ON
2026-06-11 22:18:57.329878,34,77,2576,2216,OFF
2026-06-11 22:19:02.363128,23,80,3789,1761,OFF
2026-06-11 22:19:07.379189,23,50,135,97,ON
2026-06-11 22:19:12.426651,37,84,1945,146,ON
2026-06-11 22:19:17.455710,22,77,3381,3796,OFF
2026-06-11 22:19:22.483946,28,40,3597,3980,OFF
2026-06-11 22:19:27.523728,37,88,3978,1057,OFF
2026-06-11 22:19:32.563479,24,52,3736,447,OFF
2026-06-11 22:19:37.591561,37,79,1666,2381,ON
2026-06-11 22:19:42.608531,38,45,3529,2377,OFF
2026-06-11 22:19:47.623908,39,84,151,2089,ON
2026-06-11 22:19:52.658797,33,43,3561,2426,OFF
2026-06-11 22:19:57.673933,33,87,953,873,ON
2026-06-11 22:20:02.687657,24,89,1772,2193,ON
2026-06-11 22:20:07.730949,23,70,2515,970,OFF
2026-06-11 22:20:12.745857,22,71,4019,3901,OFF
2026-06-11 22:20:17.807592,36,44,3631,516,OFF
2026-06-11 22:20:22.824374,26,52,3952,44,OFF
2026-06-11 22:20:27.870651,40,45,3151,1586,OFF
2026-06-11 22:20:32.910919,39,90,2652,3760,OFF
2026-06-11 22:20:37.938482,22,64,572,249,ON
2026-06-11 22:20:42.998342,39,56,742,1770,ON
2026-06-11 22:20:48.049552,26,44,3013,3228,OFF
2026-06-11 22:20:53.073323,27,78,2757,1952,OFF
2026-06-11 22:20:58.132534,33,83,3193,1862,OFF
2026-06-11 22:21:03.147922,30,90,430,2568,ON
2026-06-11 22:21:08.222959,28,45,3990,2413,OFF
2026-06-11 22:21:13.240086,26,60,3341,278,OFF
2026-06-11 22:21:18.275851,23,41,49,3340,ON
2026-06-11 22:21:23.312851,36,43,3467,1925,OFF
2026-06-11 22:21:28.329810,37,43,91,274,ON
2026-06-11 22:21:33.348383,39,43,3782,1788,OFF
2026-06-11 22:21:38.368862,33,80,187,2851,ON
2026-06-11 22:21:43.387765,35,45,231,1790,ON
2026-06-11 22:21:48.410742,27,76,3321,3288,OFF
2026-06-11 22:21:53.462296,29,77,1803,2427,ON
2026-06-11 22:21:58.515324,22,64,813,3489,ON
2026-06-11 22:22:03.536985,27,90,338,2533,ON
2026-06-11 22:22:08.549449,25,70,439,3285,ON
2026-06-11 22:22:13.579364,24,83,1584,1852,ON
2026-06-11 22:22:18.602465,40,84,1727,3428,ON
2026-06-11 22:22:23.632365,23,90,3358,691,OFF
2026-06-11 22:22:28.672715,33,44,1785,2497,ON
2026-06-11 22:22:33.726502,29,52,3669,2002,OFF
2026-06-11 22:22:38.787949,32,83,258,3920,ON
2026-06-11 22:22:43.832296,25,79,946,3794,ON
2026-06-11 22:22:48.872347,31,50,1397,439,ON
2026-06-11 22:22:53.926603,23,67,3256,2344,OFF
2026-06-11 22:22:58.945474,23,84,4090,1848,OFF
2026-06-11 22:23:04.012862,25,57,705,1173,ON
2026-06-11 22:23:09.031423,22,84,3031,3021,OFF
2026-06-11 22:23:14.058331,30,82,3795,1252,OFF
2026-06-11 22:23:19.076430,24,84,1407,3581,ON
2026-06-11 22:23:24.128736,24,43,2882,4037,OFF
2026-06-11 22:23:29.182178,29,73,3862,3555,OFF
2026-06-11 22:23:34.226232,33,89,134,2429,ON
2026-06-11 22:23:39.253137,27,48,3822,3280,OFF
2026-06-11 22:23:44.318765,32,54,3805,3881,OFF
2026-06-11 22:23:49.347235,24,46,1142,1112,ON
2026-06-11 22:23:54.379397,23,50,3290,2167,OFF
2026-06-11 22:23:59.433497,26,84,724,1288,ON
2026-06-11 22:24:04.465711,36,62,2453,1176,OFF
2026-06-11 22:24:09.581221,36,50,1166,491,ON
2026-06-11 22:24:14.630042,32,68,3002,2392,OFF
2026-06-11 22:24:19.647214,23,83,373,2309,ON
2026-06-11 22:24:24.687017,37,44,3657,3543,OFF
2026-06-11 22:24:29.717676,39,86,3585,49,OFF
2026-06-11 22:24:34.734429,29,79,1936,2956,ON
2026-06-11 22:24:39.781802,37,85,2631,2884,OFF
2026-06-11 22:24:44.811330,26,77,1199,3701,ON
2026-06-11 22:24:49.855097,38,68,949,3077,ON
2026-06-11 22:24:54.881637,26,79,2334,2121,OFF
2026-06-11 22:24:59.907179,39,70,874,2933,ON
2026-06-11 22:25:04.920814,35,90,795,1267,ON
2026-06-11 22:25:09.945698,36,69,555,32,ON
2026-06-11 22:25:14.973082,22,85,1440,2903,ON
2026-06-11 22:25:19.986354,40,82,40,394,ON
2026-06-11 22:25:25.001026,37,70,430,2930,ON
2026-06-11 22:25:30.028704,39,71,2563,1803,OFF
2026-06-11 22:25:35.042964,25,77,3977,2496,OFF
2026-06-11 22:25:40.058233,31,67,40,3477,ON
2026-06-11 22:25:45.073464,40,44,1280,3356,ON
2026-06-11 22:25:50.092153,28,51,1594,3004,ON
2026-06-11 22:25:55.110021,24,59,1476,3691,ON
2026-06-11 22:26:00.154758,40,90,3882,942,OFF
2026-06-11 22:26:05.206707,26,78,4036,2102,OFF
2026-06-11 22:26:10.234444,32,55,468,1556,ON
2026-06-11 22:26:15.248464,27,49,1383,663,ON
2026-06-11 22:26:20.334290,33,54,2836,1506,OFF
2026-06-11 22:26:25.368886,33,66,839,173,ON
2026-06-11 22:26:30.416561,40,80,3890,2779,OFF
2026-06-11 22:26:35.445960,38,80,8,3743,ON
2026-06-11 22:26:40.504177,36,77,2021,1729,OFF
2026-06-11 22:26:45.619870,34,81,3879,3044,OFF
2026-06-11 22:26:50.674755,25,68,1266,137,ON
2026-06-11 22:26:55.799904,28,79,3273,2358,OFF
2026-06-11 22:27:00.856014,22,59,2750,1572,OFF
2026-06-11 22:27:05.912194,36,80,1887,3075,ON
2026-06-11 22:27:10.981429,34,40,1627,582,ON
2026-06-11 22:27:16.025741,39,63,2168,692,OFF
2026-06-11 22:27:21.112777,38,76,3170,2164,OFF
2026-06-11 22:27:26.191140,31,88,116,900,ON
2026-06-11 22:27:31.258332,31,57,2349,401,OFF
2026-06-11 22:27:36.298639,34,40,2769,321,OFF
2026-06-11 22:27:41.353990,26,88,3314,43,OFF
2026-06-11 22:27:46.449392,26,40,599,173,ON
2026-06-11 22:27:51.495747,24,83,2702,2073,OFF
2026-06-11 22:27:56.553054,26,81,2216,2510,OFF
2026-06-11 22:28:01.649724,37,70,1163,1502,ON
2026-06-11 22:28:06.694285,26,48,3491,2084,OFF
2026-06-11 22:28:11.739374,22,88,3409,1575,OFF
2026-06-11 22:28:16.751737,28,89,3903,1954,OFF
2026-06-11 22:28:21.791628,34,73,788,2519,ON
2026-06-11 22:28:26.828617,32,70,1808,3153,ON
2026-06-11 22:28:31.853076,34,44,2562,1158,OFF
2026-06-11 22:28:36.886834,24,55,2290,3249,OFF
2026-06-11 22:28:41.929402,31,46,1313,3770,ON
2026-06-11 22:28:46.974475,39,68,2000,139,OFF
2026-06-11 22:28:52.013731,24,76,3065,1067,OFF
2026-06-11 22:28:57.046222,36,85,278,1628,ON
2026-06-11 22:29:02.085343,35,54,976,1924,ON
2026-06-11 22:29:07.115415,39,63,285,250,ON
2026-06-11 22:29:12.150913,34,40,3356,635,OFF
2026-06-11 22:29:17.192917,24,47,3830,1686,OFF
2026-06-11 22:29:22.287355,40,83,3107,2624,OFF
2026-06-11 22:29:27.418579,30,46,2827,2437,OFF
2026-06-11 22:29:32.434986,37,88,529,3111,ON
2026-06-11 22:29:37.511950,36,78,770,2433,ON
2026-06-11 22:29:42.629004,39,59,3305,2282,OFF
2026-06-11 22:29:47.725842,39,68,869,1619,ON
2026-06-11 22:29:52.845801,32,67,2876,772,OFF
2026-06-11 22:29:57.878890,34,68,499,3193,ON
2026-06-11 22:30:02.952335,40,52,3208,2727,OFF
2026-06-11 22:30:08.025378,28,50,1041,1280,ON
2026-06-11 22:30:13.061490,30,71,1766,3376,ON
2026-06-11 22:30:18.191308,30,45,1080,2616,ON
2026-06-11 22:30:23.297259,24,81,2728,3146,OFF
2026-06-11 22:30:28.354358,23,53,2082,955,OFF
2026-06-11 22:30:33.448443,40,77,170,3920,ON
2026-06-11 22:30:38.481276,25,72,3039,93,OFF
2026-06-11 22:30:43.547557,39,77,3853,1947,OFF
2026-06-11 22:30:48.605204,32,86,3302,2644,OFF
2026-06-11 22:30:53.631007,29,53,654,2745,ON
2026-06-11 22:30:58.653504,26,74,3451,3875,OFF
2026-06-11 22:31:03.748863,27,75,3268,3393,OFF
2026-06-11 22:31:08.809842,37,58,2227,3126,OFF
2026-06-11 22:31:13.877709,36,76,541,3878,ON
2026-06-11 22:31:18.979735,33,84,520,981,ON
2026-06-11 22:31:24.009086,27,54,1033,1095,ON
2026-06-11 22:31:29.050486,27,85,2353,3302,OFF
2026-06-11 22:31:34.103575,32,71,2365,3525,OFF
2026-06-11 22:31:39.158230,25,72,1765,13,ON
2026-06-11 22:31:44.198907,25,85,1604,1355,ON
2026-06-11 22:31:49.211759,24,61,1147,426,ON
2026-06-11 22:31:54.226520,39,54,3127,1811,OFF
2026-06-11 22:31:59.240617,28,81,1437,3498,ON
2026-06-11 22:32:04.256554,35,43,1928,1778,ON
2026-06-11 22:32:09.302963,33,56,1358,2968,ON
2026-06-11 22:32:14.338755,35,86,3178,3202,OFF
2026-06-11 22:32:19.447373,26,73,1715,3497,ON
2026-06-11 22:32:24.508349,39,82,1375,2510,ON
2026-06-11 22:32:29.540632,37,63,1022,401,ON
2026-06-11 22:32:34.600165,22,73,1508,3241,ON
2026-06-11 22:32:39.647247,22,88,1555,2410,ON
2026-06-11 22:32:44.660270,35,78,2141,3420,OFF
2026-06-11 22:32:49.712141,32,68,506,3646,ON
